nom,prenom
Parizeau,Sylvestre
Bourgeau,Hermine
Reault,Ignace
Champagne,Yannick
Laderoute,Sylvestre
Pinneau,Yseult
Proulx,Michel
Beauchesne,Maximilienne
Duhamel,Justin
Berthiaume,René
Caya,Henriette
Beauchesne,Alison
Therriault,Doriane
Clavet,Modeste
Desrosiers,élodie
Jobin,Arnaude
Voisine,Sabine
Camus,Gérald
Chalut,Jérôme
Austin,Clothilde
Hebert,Thérèse
Lessard,Pascal
Desrosiers,évariste
Levesque,Monique
Barrette,Roxanne
Bonnet,Ulrich
Brochu,Catherine
Lamoureux,Corin
Cartier,Modestine
Charron,Albertine
Barrette,Thomas
Bilodeau,Lucien
Bourgeois,Irénée
Pomerleau,Ghislain
Pinneau,Lothaire
Berard,Georgette
Barrette,Gérald
Parizeau,Dorothée
Sciverit,Aristide
Desforges,Vincent
Bilodeau,Axelle
Miron,Judith
Quenneville,Adeline
Caya,Gaétan
Hebert,Damien
Savard,émilie
Lafreniere,Irène
Querry,Axelle
Grignon,Nicolas
Riquier,Adolphe
Mainville,Eugénie
Barrette,Marin
St-Pierre,Paule
Langlais,Mathieu
Bondy,Felicien
Beaulac,Marianne
Marchesseault,Lucienne
Artois,Jeannine
Jette,Sandrine
Chaloux,émilie
Camus,Josue
Mailloux,Raymonde
Pellerin,Tatienne
Louis,Alfred
Lafreniere,Cyrille
Miron,Jérémie
Chicoine,Gratien
Dandonneau,Marie
Proulx,Pons
Artois,Joël
Lessard,Lucinde
Marier,Sylvaine
Saucier,Anselme
Laforest,Madeline
Guilmette,émile
Fugere,Emma
Ayot,Thomas
Reault,Placide
Gaudreau,Ghislaine
Beausoleil,Marius
Desroches,Raphaël
Duplessis,Orianne
Langlais,émilien
Proulx,Léontine
Berard,Ghislain
Jodoin,Mathieu
Duplessis,Cosette
Mouet,Aline
Quenneville,Chanté
Charron,Axelle
Mailly,Fabiola
Fluet,Nicole
Beausoleil,Théo
Beauchesne,Diodore
Lafreniere,Osanne
Guimond,Céleste
Latourelle,Philbert
Clavette,Christine
Guilmette,Raymonde
Bisson,Léopold
Camus,Nicolette
Huppe,Gisèle
Carignan,Jacques
Leblanc,Placide
Pepin,Andrée
Langelier,Raphaël
Lessard,Avril
Dionne,Zoé
Roussel,Luce
Dufresne,Joséphine
Asselin,Marius
Vaillancour,Gervais
Mainville,Eléonore
Caya,Violette
Louis,Adélaïde
Devost,Nazaire
Boulanger,Marcelle
Doiron,Daniel
Marquis,Onesime
Charlebois,Rébecca
Sciverit,Felicienne
Belisle,Auguste
Mouet,Josiane
Duperre,Dorothée
Desforges,Flavie
Theriault,Elisabeth
Desforges,Gwenaelle
Sacre,Carine
Artois,Isabelle
Gregoire,Dieudonné
Lagueux,Olivie
Brousse,Colombe
Bonnet,Monique
Lesperance,Denis
Therrien,Aimée
Pelland,Ouida
Leclair,André
Guilmette,Benjamine
Quenneville,Ouida
De,Mathis
Marcil,Mathis
Courtemanche,Germaine
Gareau,Arlette
Paquin,Victoire
Lacroix,Gabriel
Martel,Arnaud
Boisvert,Mélanie
Bondy,Albert
Boulanger,évariste
Chalut,Gisèle
Jette,Rochelle
Sacre,Mignon
Pichette,Joseph
Rossignol,François
Chaloux,Virginie
Binet,Stéphane
Rousseau,Mélissa
Desforges,Gervaise
Coudert,André
Laforge,Chantal
Duhamel,Michèle
Bolduc,Raoul
Bilodeau,Gautier
Guilmette,François
Bourgeau,Anatole
Lemaitre,Gervaise
Duhamel,Bertrand
Dufour,Barnabé
Mazuret,Julienne
Parenteau,Stéphanie
Louis,Philbert
Bondy,Constance
Drouin,Esmée
Bilodeau,Salomé
Chaloux,Charlotte
Fugere,Natalie
Chastain,Vincent
Belair,Rosine
Duplessis,Noelle
Dumont,Emeline
Batard,élise
Desroches,Léonard
Chaloux,Zephyrine
Clavet,Renée
Lemaitre,Victor
Leclair,Vincent
Frappier,Noelle
Querry,Marguerite
Savard,Gabrielle
Barrette,Pierrick
Levesque,Reine
Bouchard,Apollinaire
Barrette,Luc
Jardine,Constance
Dufour,Herbert
Theriault,Martine
Charlebois,Marianne
Lagrange,Lucas
Grignon,Pauline
Asselin,Christophe
Barrette,Jean-marie
Gaudreau,Laurentine
Turgeon,Ghislaine
Marcil,Renée
Mazuret,Guillaume
Mailhot,Lucien
Gaudreau,Judith
Brousse,Géraud
Langelier,Hubert
Austin,Edgar
Miron,Nicodème
Chaloux,Paulette
Baril,Rosette
Huard,Nazaire
Chaloux,Lucien
Bisaillon,Renard
Gareau,Micheline
Savard,Fabrice
Beaudoin,Honoré
Baril,Apollinaire
Latourelle,Blaise
Leclair,éliane
Reault,Camille
Chalut,Olympe
LaCaille,Jérémie
Duplessis,Lucille
Deblois,Géraud
Boisvert,Cécile
Babin,Colombe
Querry,Christianne
Asselin,Fifi
Theriault,Noé
Duhamel,Pascal
Vaillancour,Philibert
Parrot,Laurence
Huppe,Claudine
Bourgeau,Geneviève
Labelle,Axelle
Chalut,Lydie
Asselin,Sarah
Bolduc,Gaetane
Chicoine,Fabienne
Goulet,Marius
Guilmette,Dianne
Arpin,André
Batard,Dion
Devoe,Arlette
Beausoleil,Olivie
Lessard,Lucrece
Lagace,Justine
Deblois,Rémi
De,Pascal
Rousseau,Romaine
Doucet,Yanick
Doucet,Jeannot
Bilodeau,Florian
Theriault,Lothaire
Savard,Thérèse
Lagrange,Josue
LHiver,Régine
Chaloux,Benjamin
Bisson,Suzette
Tessier,Julien
Rheaume,Simon
Marchesseault,Monique
Sacre,Barnabé
Givry,Aurélie
Bisaillon,Auguste
Jette,Corentin
Berard,Ninon
Bisson,Yann
Chalut,Madeleine
Beaudoin,Antoine
Laderoute,Marcelline
Jodoin,Seraphine
Brochu,Benoit
Chalut,Sylvaine
Duhamel,Vivien
Labelle,Sarah
Dufresne,Joseph
Turgeon,Josèphe
Jette,Myriam
Louis,élise
Beauchesne,Gabrielle
Voisine,Micheline
Berard,Raymonde
Dionne,Pascaline
Chalut,Edgar
Sciverit,Olivier
Bolduc,émilie
Barjavel,Aurèle
Lessard,Sandrine
Givry,Colette
Chicoine,Marise
Givry,Patrick
Rousseau,Sylviane
Parrot,Patrick
Chalut,Sarah
Voisine,Agnès
Bilodeau,Adam
Lamoureux,Lucie
De,Zoé
Reault,Marc
Brochu,Michel
Saucier,Marcelline
Fugere,Jeannot
Asselin,Rébecca
Marcil,Julienne
Therrien,Irène
Huard,Monique
Chasse,Aristide
Bedard,Albertine
Pinneau,Georges
Hebert,Françoise
Chalut,Gervais
Mainville,Armelle
Pepin,Claire
Asselin,Charlotte
Huard,Florianne
Batard,Valentine
Barriere,Isidore
Langlais,Hugues
Charlebois,René
Bolduc,Nazaire
Langelier,Bernadette
Doucet,Luc
Doiron,Marceline
Chaloux,Sylvain
Leblanc,Ignace
Carignan,Mariette
Laderoute,Sylviane
Cartier,Arnaude
Roussel,Mariette
Beaudoin,Jules
Chaloux,Pauline
Blanchard,Edwige
Devoe,Angèle
Aucoin,Louis
Ayot,Rodrigue
Gareau,Juliette
Laderoute,élise
Pellerin,Thérèse
Frappier,Léonce
Lagueux,Muriel
Bourassa,Eric
Goulet,Absolon
Jette,Pierrick
Fugere,Jérôme
Binet,Chloé
Desroches,Cerise
Belisle,Honorine
Devoe,Micheline
Miron,Marine
Parenteau,éloise
Givry,Geoffroi
Bisaillon,Philippine
Godin,Sybille
Aubin,Aline
Berard,Muriel
Mailly,Gaetane
Therrien,Michelle
Laforge,Lunete
Guimond,Irénée
Clavette,Evrard
Binet,Célestin
Tessier,Dominique
Charlebois,Marceline
Lacroix,Corinne
Lagace,Sabine
Gamelin,Hugues
Belisle,Philibert
Clavet,Célestine
LaCaille,Géraud
Leblanc,Florentin
Baril,Salomé
Levesque,Noé
Paquin,Florentin
Bisaillon,Matthieu
Desrosiers,Dennis
Laforge,Lambert
Duhamel,Rodolphe
Langelier,Nina
Dumont,Delphine
Chaloux,Jacqueline
Guimond,Alexandrie
Sciverit,Mariette
Babin,Eléonore
Lamoureux,Timothée
Jodoin,Mignon
Brian,Zoé
Saucier,évariste
Boulanger,Francine
Guilmette,Lucrece
Cartier,Renard
Bouchard,Nicodème
Desroches,Philibert
Bisson,Auguste
Dionne,Felicien
Sevier,Alain
Gaudreau,Virginie
Parenteau,Renée
Austin,Raphael
Huard,Bertrand
Louis,David
Jette,Charline
Jodoin,Agnès
Caouette,Yanick
Tessier,Juste
Bondy,Mignon
Chesnay,Cosette
Dionne,Barthélémy
Louis,Josèphe
Carignan,Vespasien
Bourgeau,Flavie
Pellerin,Aline
Belisle,Yvette
Deblois,Aimée
Therrien,Eugénie
Rheaume,Thérèse
Tessier,Narcisse
Bourgeois,Eugénie
Bourgeau,Dimitri
Sevier,Armand
Dodier,Valentin
Bourgeois,Arnaud
Dodier,Raoul
Artois,Océane
Desroches,Christianne
Desrosiers,Catherine
Batard,Papillion
Huppe,Célestin
Langelier,Zacharie
Theriault,Léa
Levesque,émilien
Jodoin,Danièle
Bourgeois,Ouida
Bedard,Eugénie
Gamelin,Colombe
Querry,Emmanuelle
Denis,Aimé
Dufour,Héloïse
Bolduc,Gisselle
Tessier,Juliette
Lagrange,Germaine
Beausoleil,Rachel
Ducharme,Lionel
Gregoire,Gérald
Chaussee,Rémy
Saucier,Telesphore
Parenteau,Fabien
Fluet,Joséphine
Chesnay,Dennis
Bourassa,Lucie
Pellerin,Madeleine
Ayot,Clarisse
Duperre,Myriam
Bisson,Giselle
Desrosiers,Tristan
Laforest,Stéphane
Lafreniere,Lothaire
Boisvert,Nadine
Proulx,Annette
Picard,Lisette
Baril,Edgard
Bourgeois,François
Chicoine,Richard
Leblanc,Amarante
Paimboeuf,Natalie
Asselin,André
Bilodeau,Fernande
Lessard,Noel
Querry,Jeannot
Caouette,Placide
Chasse,Edmond
Cartier,Thierry
Duperre,Loup
Jardine,Sébastien
Bellemare,Fabiola
Pellerin,Gilberte
Camus,Rachel
Jodoin,Michelle
LHiver,Vienne
Deblois,André
Louis,élise
Marier,Lisette
Charlebois,Dieudonné
Asselin,Adélaïde
Sacre,Alexandre
Sciverit,Claudine
Desroches,Suzette
Gaudreau,Madeline
LHiver,Sylvianne
Caya,Yanick
Saucier,Colombain
Blanchard,Clarice
Turgeon,Fernande
Theriault,Anatole
Lemaitre,Delphine
Parenteau,Antoinette
Rheaume,Barnabé
Chasse,Lucie
Berthiaume,Raoul
Brochu,Marcelle
Dodier,Georgette
Arpin,Aude
Dionne,Laurette
Gregoire,Adolphe
Parizeau,Yanick
Artois,Sylviane
Drouin,Grégoire
Mouet,Perceval
Piedalue,Lucas
Rossignol,Georgine
Plourde,Rodolph
Dufour,Suzanne
Bouchard,Achille
Asselin,Aurore
Brousse,Sylvain
Chalut,Alexandrie
Barrette,Ermenegilde
Paimboeuf,Régine
Marier,Marius
Beriault,Cyrille
Babin,Placide
Brian,Sandrine
Gregoire,Grégoire
Lamoureux,Caroline
Parenteau,Thomas
Asselin,Mirabelle
Jette,Cunégonde
Langlais,Anaïs
Bourassa,élodie
Guimond,Amaury
Dodier,Mignon
Cadieux,Nadine
Chicoine,Bertrand
Lessard,Didier
Tessier,Nicolas
Leblanc,Baudouin
Mouet,Chantal
Clavet,Catherine
Berard,Sybille
Clavet,Perrine
Desforges,Laurette
Gareau,Oriane
Doiron,Mirabelle
Lagrange,Léa
Daigle,Rosemonde
Labelle,Luc
Laforest,Lucas
Bourgeois,Charline
Bouchard,Ghislain
Leclair,Dieudonné
Duhamel,Gervaise
Grignon,Colombe
Mailly,Bertrand
Brousse,Rosette
Lagrange,Françoise
Lagueux,Ariane
Berger,Juliette
Bourassa,Lunete
Pichette,Benoite
Jodoin,Rosalie
Leblanc,Mathilde
Carignan,Rémy
Tardif,Laurent
Desroches,Raphael
Langlais,Arlette
Pichette,Edmond
Louis,Thomas
Pellerin,Dimitri
Pomerleau,Hector
Labelle,Rodrigue
Doucet,Anaïs
Miron,Albert
Miron,Louise
Chaloux,Olivie
Therrien,Louis
Parenteau,Hermine
Austin,Félicie
Charron,Clarisse
Bourassa,Marie
Levesque,Paul
Sevier,Hippolyte
Mainville,Annette
Aubin,Zoé
Louis,Lucienne
Levesque,Thibault
Latourelle,François
Marcil,Mireille
Lagrange,Irène
Berger,Adam
Bilodeau,Renaud
Sacre,Faustine
Pomerleau,Maurice
Riquier,Marine
Grignon,Sylvianne
Mouet,Ignace
Denis,Odile
Bedard,Claude
Marchesseault,Ghislain
Brousse,Adrien
Langlais,Marthe
Tardif,Diodore
Rousseau,Angelique
Denis,Micheline
Lagace,Sabine
Duhamel,Raymond
Lagrange,Edgard
Pellerin,évariste
Mailhot,Céleste
Bilodeau,Irène
Desroches,Yannic
Duplessis,Toussaint
Beaulac,Vespasien
Bouchard,Amélie
Chalut,Toinette
Gaudreau,Lazare
Theriault,Yseult
Jardine,Esmée
Lamoureux,Dieudonnée
Querry,Hugues
Coudert,Eugène
Berard,Arnaude
Bisson,René
Tollmache,Absolon
Gamelin,Olympe
Pelland,Olivier
Guimond,Ignace
Chaloux,Isabelle
Lamoureux,Valéry
Sacre,Suzette
Barjavel,Jeanine
Clavette,Lucille
Mailloux,Chantal
Tardif,Léandre
Ayot,éloise
Trepanier,Ambroise
Sciverit,Gabrielle
Mainville,Léopold
Carignan,Françoise
Clavette,Juste
Picard,Ariane
Savard,Flavie
Rochon,Jacinthe
Asselin,Alphonsine
Charrette,Gervaise
Theriault,Grégoire
Brian,Lucile
Chaussee,Gérald
Guilmette,Pascal
Duffet,Sébastien
Jobin,Sibylle
Beaulac,Armelle
Tessier,Xavier
Leclair,Nicole
Jobin,Arnaud
Godin,Ninon
Paimboeuf,Honoré
Proulx,Léonard
Ducharme,Constant
Sevier,Gilberte
Desrosiers,Iréné
Frappier,Noella
Clavet,Amaury
Bourgeois,Mathis
Martel,émilien
Brisebois,Faustine
Arpin,Nicodème
Duperre,Morgane
Brian,Timothée
Gaudreau,Aurèle
Therrien,Dianne
LaCaille,Aimée
Theriault,Honorine
Barrette,Ozanne
Proulx,Angèle
Rousseau,Sidonie
Deblois,Clarice
Caya,Maximilienne
Roussel,Emeline
Berthiaume,Vienne
Camus,Justine
Desroches,Christine
Theriault,Andrée
Bisaillon,Josiane
Leclair,Sylvie
Gamelin,Camille
Fugere,Diodore
Desrosiers,Gaétan
Mailloux,Noelle
Camus,Isabelle
Sevier,Reine
Deblois,Constantin
Parrot,Corin
Daigle,Roxanne
Mailhot,Simone
Asselin,Josue
Reault,Colombain
Marcil,Lucille
Beriault,Danielle
Piedalue,Caroline
Artois,Nicolas
Therrien,Jean
St-Pierre,Charles
Therrien,Christiane
Tollmache,Dieudonnée
Paimboeuf,Danielle
Laderoute,Armand
Gaudreau,Hilaire
Marseau,Telesphore
Binet,Gaetane
Mouet,Gisselle
Paquin,Ignace
Belair,Lisette
Batard,Jacinthe
Aucoin,Albert
Caya,Jeannine
Bisaillon,Marise
Mailhot,éliane
Therriault,Suzette
Lafreniere,Gaetane
Chicoine,Philippe
Berger,Noé
Clavet,Lunete
Jette,Alain
Dodier,Loup
LaCaille,Jérôme
Marquis,Laurence
Plourde,Reine
Marquis,Bernadette
Bisaillon,Raphaël
Babin,Yannic
Roussel,Rosalie
Desroches,Emmanuelle
Batard,Céleste
Desrosiers,Amédée
Charrette,Léonie
Rousseau,Gérard
Clavet,Bernardine
Leblanc,Amélie
Bisaillon,Eve
Villeneuve,Joséphine
Huppe,Iréné
Tardif,Reine
Mouet,Benjamin
Brisebois,Yves
Langelier,Roger
Leblanc,Marianne
Marier,Marianne
Dumont,Blaise
Lagueux,Julienne
Trepanier,Alphonse
Parrot,Thomas
Fluet,édith
Batard,Martine
Mailhot,Vespasien
Mailly,Séverin
Theriault,Charline
Brisette,Joël
Leblanc,Natalie
Barriere,Ermenegilde
Lessard,Eve
Gregoire,Modestine
Sciverit,Chantal
Pelland,Marin
Pellerin,Rosemonde
Barrette,Corin
Barrette,Cunégonde
Godin,Donatien
Theriault,Florentin
Bourgeois,Edmond
Charlebois,Lucienne
Asselin,Suzette
Desforges,Paulette
Lagrange,Gisselle
Hebert,Alison
Saindon,Pascaline
Champagne,édith
Jodoin,Michèle
Chasse,Germain
Lagace,Gilles
Theriault,Damien
Dumont,Héloïse
De,Flavie
Duhamel,Joelle
Mailhot,Basile
Bedard,Eugène
Berger,Germain
Gregoire,éloise
Clavet,Romaine
Turgeon,Bénédicte
Chesnay,Madeleine
Fugere,Christian
Lagrange,Rémi
Binet,Rachel
Bourassa,Rodrigue
Vaillancour,Michelle
Asselin,Alice
Tollmache,Arianne
Babin,Victor
Denis,Georgette
Cartier,Florentin
Jette,Léandre
Dufour,Emmanuelle
Riquier,Brigitte
Rossignol,Adrienne
Rossignol,Félix
Quenneville,Tatienne
Dufresne,élodie
De,Alphonsine
Dandonneau,Evette
Labelle,Noé
Sciverit,Edgar
Belisle,Pierre
Piedalue,Augustin
Picard,Raphaël
Pinneau,Sylviane
Plourde,Gilberte
Lessard,Constant
Lebrun,Colombain
Givry,édith
Artois,Felicienne
Chalut,Rodrigue
Theriault,Hubert
Guimond,Chantal
Chastain,Mariette
Fugere,Esther
Binet,Rosine
Doiron,Michelle
Bourassa,Georgine
Deblois,René
Dufresne,Arnaude
Miron,Pénélope
Blanchard,Georgette
Langelier,Géraud
Parenteau,Thierry
Desrosiers,Gervaise
Duperre,Paschal
LaCaille,Rosalie
Bizier,Nicole
Louis,Raymond
Fugere,Christianne
Mailloux,Hélène
Marier,Arnaude
Bellemare,Yvette
Beaudoin,Juliette
Bourgeau,Suzanne
Jodoin,Suzette
Louis,Yolande
Brisebois,Benoit
Parrot,Benjamin
Gamelin,Donat
Marier,Inès
Parizeau,Vivienne
Louis,Onesime
Baril,Mathilde
Mazuret,Manon
Chasse,Apolline
Aubin,Joseph
Laderoute,Emmanuelle
Gamelin,Iréné
Jodoin,Fifi
Sciverit,Géraud
Brousse,Dion
Cadieux,Patrice
Caouette,Renard
Brian,Claude
Desroches,Christiane
Gregoire,Lothaire
Marcil,Angeline
Proulx,Sylviane
Artois,Gérard
Charrette,Didier
Saindon,Florentin
Deblois,Jeanine
Beriault,Désiré
Chastain,Théodore
Clavet,Germain
Courtemanche,Cécile
Dupere,Sylviane
Pellerin,Juliane
Roussel,Eléonore
Baril,Christelle
Lessard,Alice
Guilmette,Dion
Cartier,Tristan
LaCaille,Muriel
Marchesseault,Sophie
Duhamel,Alain
Clavette,Cyrille
Berthiaume,Colette
Huard,Jeanne
Therriault,Loup
Jette,Marcel
Cartier,Perceval
Bilodeau,Florette
Bilodeau,Henriette
Gamelin,Yvette
Devoe,Laurentine
Vaillancour,Anatole
Fugere,Anatole
Labelle,Inès
Trepanier,Hippolyte
Goulet,Esmé
Parrot,Rose
Boulanger,Xavier
Lafreniere,Léandre
Berard,Philibert
Saindon,Gaétan
Brochu,Odette
Beausoleil,Myriam
Voisine,Toussaint
Pellerin,Aline
Chaloux,Simone
Beaulac,Yanick
Artois,émilie
Tardif,Rochelle
LaCaille,Michel
Jardine,Claudine
Proulx,Rosette
Boisvert,Sylvie
Sciverit,Gilberte
Chicoine,Florianne
Jobin,Joachim
Mailhot,Andrée
Guilmette,Catherine
Givry,Simone
Duhamel,Joachim
Chicoine,Bruno
Mailloux,Hervé
Pellerin,Léonard
Carignan,Clémence
Guilmette,Valère
Chaloux,Ambroise
Lessard,Josèphe
Marseau,Raymond
Bonnet,Alexandre
Coudert,Avril
Duperre,Loup
Dufour,Ghislain
Grignon,Romain
Beaudoin,émilie
Laforest,Fifi
Barrette,Sévérine
Desrosiers,Claude
Bourgeois,Fabienne
Lagrange,Christophe
Bourgeois,Ambre
LHiver,Albertine
Doucet,Georgine
Duplessis,Sylvaine
Clavet,Urbain
Bisaillon,Robert
Cadieux,édouard
Leclair,Hippolyte
De,Sophie
Sacre,Hélène
Baril,Firmin
Paimboeuf,Ghislain
Pichette,Luce
Sacre,Renée
Theriault,Achille
Jette,Régis
Jette,Philbert
LaCaille,Amélie
Reault,Felicienne
Gregoire,Loup
Margand,Arianne
Lessard,Hervé
Barriere,Claude
De,Jean
Cartier,Ermenegilde
Devost,Jeannine
Dodier,Sabine
Hebert,Clémence
Picard,Nicole
Margand,Clementine
Leblanc,Gérald
Levesque,Patrice
Bellemare,Danièle
Deblois,Régis
Drouin,Michèle
Labelle,Christelle
Marier,Marius
Huard,Vivienne
Doiron,Martin
Guilmette,Justine
Hebert,Gilberte
Huard,Alexandre
Sevier,Yannic
Mailhot,Alison
Jolicoeur,Rosemonde
Pellerin,Yolande
Clavet,Roselle
Cartier,Marielle
Jolicoeur,Alison
Sacre,Clementine
Charron,Dennis
Arpin,Basile
Barjavel,Michel
Desforges,Henriette
Brian,Madeline
Tessier,Adam
Guilmette,Vivienne
Asselin,Isidore
Pepin,Clementine
Drouin,Morgaine
Berger,Nathalie
Jodoin,Madeline
Mainville,Honoré
Latourelle,Valéry
Lagrange,Guy
Drouin,Carine
Trepanier,Boniface
Brisebois,Aurelien
Marchesseault,Benoite
Mailly,Raphaël
Chesnay,Mathilde
Bizier,Laure
Chesnay,Roch
Jette,Marielle
Pinneau,Luc
Goulet,Morgane
Bilodeau,Marcellette
Lessard,Hermine
Pichette,Felicien
Plourde,Maximilien
Chesnay,Mélissa
Chaloux,Lucas
Belisle,Placide
Laderoute,Fifi
Duffet,Angelique
Barrette,Gigi
Beauchesne,Flavie
Bondy,Alphonsine
Marier,Telesphore
Asselin,Léonne
Plourde,Odette
Carignan,Marcellette
Doiron,Clémence
Sacre,Clementine
Brisebois,Loic
Devoe,Marius
Lacroix,Florentin
Berthiaume,Odilon
Doucet,Pascal
Bourgeau,Jean-baptiste
Bouchard,Juste
Desforges,Gilles
Bedard,Anselme
Pepin,Gaspard
Beauchesne,Arianne
Chaloux,Maximilienne
Chaloux,Aude
Goulet,Nicodème
Brochu,Berthe
Proulx,Hector
Doucet,Gaspard
Laforest,Reine
Boulanger,Anatole
Bilodeau,Christianne
Chaussee,Chloé
Guilmette,Béatrice
Huard,Lunete
Brian,Juste
Duplessis,Célestin
Belair,Jules
Lagrange,Berthe
Parrot,Sylvain
Fugere,Charlot
Langelier,Felicienne
Bilodeau,Béatrice
Belair,Pauline
Piedalue,Adrien
Lebrun,Isidore
Frappier,Joelle
Parrot,Paulette
Lamothe,Adélaïde
Doucet,Arienne
Jodoin,Clémence
Levesque,Apolline
Lemaitre,Hugues
Charron,éliane
Lacroix,Orianne
Voisine,Léonard
Carignan,Adrienne
Plourde,Simone
Bolduc,Alexis
Mazuret,Gérard
Piedalue,Nicolas
Lacroix,Armel
Parrot,Lucie
Dufresne,Sybille
Lesperance,Clothilde
Jodoin,Corinne
Devoe,Hilaire
Brisette,Frédéric
LHiver,Paulette
Charrette,Lucien
Barriere,Elisabeth
Beaulac,Victor
Jolicoeur,Victorine
Courtemanche,Ghislaine
Devost,Odilon
Devoe,Yanick
Louis,Telesphore
Mailhot,Dominique
Parrot,Ouida
Mouet,Théodore
Beauchesne,Ferdinand
Goulet,Violette
Bilodeau,Adeline
Brochu,Roch
Martel,Dieudonnée
Lagueux,Pascal
Savard,Gervais
Champagne,Dorothée
Bisaillon,Martin
Querry,Hector
Aubin,Modeste
Bondy,Françoise
Bondy,Jourdain
Duhamel,éloise
Hebert,éliane
Brochu,Ozanne
Bourgeois,Josette
Pelland,Papillion
Deblois,Boniface
Picard,Emmanuelle
Givry,Florian
Laforest,Gustave
Ayot,Dorothée
Asselin,Evrard
Therriault,Sabine
Desforges,Albertine
Gaudreau,Esmé
Therriault,Pierre
Frappier,élodie
Asselin,Ariane
Brisette,Nicolette
Voisine,Marthe
Dumont,Amélie
Fugere,Noel
Brian,Jacinthe
Huard,Ermenegilde
Givry,Isidore
Doucet,Sylvianne
Dandonneau,Louise
Turgeon,Caroline
Latourelle,Florence
Brochu,Elisabeth
Guilmette,Jules
Asselin,Sylvestre
Desrosiers,Loup
Marier,Rochelle
Chesnay,Maximilienne
Guilmette,Bernardine
Jodoin,Lucas
Barjavel,Rémy
Chouinard,Héloïse
Lebrun,Yann
Dionne,Dominique
Mouet,Noémie
Martel,Esmée
Lacroix,Bertrand
Reault,Pascale
Margand,Marianne
Chaloux,Timothée
Fugere,Angelique
Devost,Ninette
Cartier,Martine
Clavette,Nina
Givry,Pauline
Aubin,Gaston
Latourelle,Constant
Asselin,Augustin
Rousseau,Simone
Parenteau,Blaise
Voisine,Muriel
Duperre,Anatole
Theriault,Jeannot
Langlais,Absolon
Guilmette,Lucas
Charron,Gisèle
Marier,Loup
Chastain,Gwenaelle
Guimond,Axelle
Brochu,Odile
Tessier,Anaïs
Theriault,Thomas
Sevier,Christophe
Charron,Aline
Guilmette,Clémence
Fugere,Timothée
Chaloux,Fernande
Beaudoin,Félix
Chaloux,Myriam
Trepanier,Adeline
Bolduc,Elisabeth
Sevier,Patrick
Brousse,Noelle
Dionne,Victoire
Chasse,Jacinthe
Chasse,Jérémie
Babin,Fernand
Frappier,Nina
Levesque,Lucrece
Courtemanche,Désirée
Lemaitre,Sacha
Ayot,Esmée
LaCaille,Emmanuelle
Proulx,Gabriel
Brisette,Esmée
Tessier,Tatienne
Parrot,Rémi
Bisson,Théo
Miron,Florence
Leclair,Thierry
Barriere,Matthieu
Saindon,Gigi
Vaillancour,Salomé
Rochon,Sabine
Beauchesne,Hercule
Sciverit,Arlette
Theriault,Raphaël
Theriault,Rémy
Louis,Guillaume
Paquin,Jeannot
Desrosiers,Reynaud
Frappier,Océane
Sacre,édouard
Chicoine,Laurette
Miron,Muriel
Allard,Philibert
Pelland,Armel
Allard,Angèle
Aubin,Jeannot