,nom,prenom,ID,MdP
0,Parizeau,Sylvestre,sparizeau,i9nwi1nt
1,Bourgeau,Hermine,hbourgeau,3bjx9pg7
2,Reault,Ignace,ireault,7zk8rzj1
3,Champagne,Yannick,ychampagne,vwdwjk9p
4,Laderoute,Sylvestre,sladeroute,wsdtku92
5,Pinneau,Yseult,ypinneau,megmyxyp
6,Proulx,Michel,mproulx,4so63z0w
7,Beauchesne,Maximilienne,mbeauchesne,xn2ffsst
8,Duhamel,Justin,jduhamel,06vtkht1
9,Berthiaume,René,rberthiaume,mbuta444
10,Caya,Henriette,hcaya,wzo7x8t6
11,Beauchesne,Alison,abeauchesne,5hstyg6s
12,Therriault,Doriane,dtherriault,nguv2fvd
13,Clavet,Modeste,mclavet,2qke5v69
14,Desrosiers,élodie,édesrosiers,5wnes9fy
15,Jobin,Arnaude,ajobin,cabkcege
16,Voisine,Sabine,svoisine,cd6t02n7
17,Camus,Gérald,gcamus,98kf5ae2
18,Chalut,Jérôme,jchalut,is3jn0ze
19,Austin,Clothilde,caustin,sno2rak0
20,Hebert,Thérèse,thebert,69l54gi9
21,Lessard,Pascal,plessard,pi30odso
22,Desrosiers,évariste,édesrosiers1,9f1bt7qv
23,Levesque,Monique,mlevesque,tj8vsc31
24,Barrette,Roxanne,rbarrette,ichv9b9i
25,Bonnet,Ulrich,ubonnet,5j2ulani
26,Brochu,Catherine,cbrochu,njredk8j
27,Lamoureux,Corin,clamoureux,9ag1aewn
28,Cartier,Modestine,mcartier,v7kd5tnl
29,Charron,Albertine,acharron,hefgha5h
30,Barrette,Thomas,tbarrette,xb0azyay
31,Bilodeau,Lucien,lbilodeau,tpaur5td
32,Bourgeois,Irénée,ibourgeois,kwyf9tsy
33,Pomerleau,Ghislain,gpomerleau,62s1fb1b
34,Pinneau,Lothaire,lpinneau,qf1yiohg
35,Berard,Georgette,gberard,vacpu0ok
36,Barrette,Gérald,gbarrette,lja7q20e
37,Parizeau,Dorothée,dparizeau,gp9r849x
38,Sciverit,Aristide,asciverit,041lklzh
39,Desforges,Vincent,vdesforges,481yuoh0
40,Bilodeau,Axelle,abilodeau,mrbstla7
41,Miron,Judith,jmiron,bi65x4bh
42,Quenneville,Adeline,aquenneville,x5l0dln1
43,Caya,Gaétan,gcaya,6n8u1ifx
44,Hebert,Damien,dhebert,528fl8ue
45,Savard,émilie,ésavard,2ryhvu8h
46,Lafreniere,Irène,ilafreniere,j7xa4fwp
47,Querry,Axelle,aquerry,qzjfd8hl
48,Grignon,Nicolas,ngrignon,o0brvyzv
49,Riquier,Adolphe,ariquier,p8l59wv2
50,Mainville,Eugénie,emainville,24xi090f
51,Barrette,Marin,mbarrette,bogw740j
52,St-Pierre,Paule,pst-pierre,g8iorf3n
53,Langlais,Mathieu,mlanglais,aic0237i
54,Bondy,Felicien,fbondy,cldpx35n
55,Beaulac,Marianne,mbeaulac,xr2k6lrr
56,Marchesseault,Lucienne,lmarchesseault,tztzvukn
57,Artois,Jeannine,jartois,5r0kizgz
58,Jette,Sandrine,sjette,muy4fj8i
59,Chaloux,émilie,échaloux,mazmeu5p
60,Camus,Josue,jcamus,bfz2tlfz
61,Mailloux,Raymonde,rmailloux,evyyqlxf
62,Pellerin,Tatienne,tpellerin,7j1f53yz
63,Louis,Alfred,alouis,emg8gftt
64,Lafreniere,Cyrille,clafreniere,te403h2x
65,Miron,Jérémie,jmiron1,v7uph5od
66,Chicoine,Gratien,gchicoine,0krihm4j
67,Dandonneau,Marie,mdandonneau,gi6ubzw9
68,Proulx,Pons,pproulx,pf3bkggf
69,Artois,Joël,jartois1,gkn3pi2h
70,Lessard,Lucinde,llessard,fxv0mlir
71,Marier,Sylvaine,smarier,wnovwe97
72,Saucier,Anselme,asaucier,0h7utu6r
73,Laforest,Madeline,mlaforest,dzl24fl2
74,Guilmette,émile,éguilmette,7hwe2btk
75,Fugere,Emma,efugere,nwwjhf7c
76,Ayot,Thomas,tayot,uljoyxiv
77,Reault,Placide,preault,z6yyv728
78,Gaudreau,Ghislaine,ggaudreau,9ycpe28k
79,Beausoleil,Marius,mbeausoleil,cj9py2v8
80,Desroches,Raphaël,rdesroches,z3g34nls
81,Duplessis,Orianne,oduplessis,zlueizq7
82,Langlais,émilien,élanglais,zjfwquiw
83,Proulx,Léontine,lproulx,dq5gzzxd
84,Berard,Ghislain,gberard1,jpyykr3d
85,Jodoin,Mathieu,mjodoin,ofnksn5y
86,Duplessis,Cosette,cduplessis,koe30la0
87,Mouet,Aline,amouet,vu5f3vf7
88,Quenneville,Chanté,cquenneville,7s4o230b
89,Charron,Axelle,acharron1,j53hblw0
90,Mailly,Fabiola,fmailly,4xu8kboz
91,Fluet,Nicole,nfluet,406o0ohb
92,Beausoleil,Théo,tbeausoleil,l18u4l60
93,Beauchesne,Diodore,dbeauchesne,neaahc7d
94,Lafreniere,Osanne,olafreniere,jlbw1tys
95,Guimond,Céleste,cguimond,9j1bb986
96,Latourelle,Philbert,platourelle,kg8vdcx5
97,Clavette,Christine,cclavette,tqbb84zq
98,Guilmette,Raymonde,rguilmette,5tn6obou
99,Bisson,Léopold,lbisson,nkedgz20
100,Camus,Nicolette,ncamus,9g4qq2hs
101,Huppe,Gisèle,ghuppe,j51hlk6p
102,Carignan,Jacques,jcarignan,kdyee75b
103,Leblanc,Placide,pleblanc,deqi23kl
104,Pepin,Andrée,apepin,v6vy0s5k
105,Langelier,Raphaël,rlangelier,awdc88vs
106,Lessard,Avril,alessard,fufc16yh
107,Dionne,Zoé,zdionne,0qfinz3l
108,Roussel,Luce,lroussel,ea6cfr8q
109,Dufresne,Joséphine,jdufresne,2szutiz3
110,Asselin,Marius,masselin,l77vs3jw
111,Vaillancour,Gervais,gvaillancour,0f2iygzv
112,Mainville,Eléonore,emainville1,yvx4v4rz
113,Caya,Violette,vcaya,kw1xxoes
114,Louis,Adélaïde,alouis1,mm1pdb3y
115,Devost,Nazaire,ndevost,zq9rotgu
116,Boulanger,Marcelle,mboulanger,2232l8tt
117,Doiron,Daniel,ddoiron,3z332u4k
118,Marquis,Onesime,omarquis,bim59npc
119,Charlebois,Rébecca,rcharlebois,0b22pgmw
120,Sciverit,Felicienne,fsciverit,h9gktcjk
121,Belisle,Auguste,abelisle,u01klga3
122,Mouet,Josiane,jmouet,pbl428pf
123,Duperre,Dorothée,dduperre,273fygp9
124,Desforges,Flavie,fdesforges,i8o6ujzk
125,Theriault,Elisabeth,etheriault,7qgcmykx
126,Desforges,Gwenaelle,gdesforges,e2ll59oc
127,Sacre,Carine,csacre,xlxam34n
128,Artois,Isabelle,iartois,h0natvhp
129,Gregoire,Dieudonné,dgregoire,zw0xy27j
130,Lagueux,Olivie,olagueux,6buhtwsx
131,Brousse,Colombe,cbrousse,ku6t3hki
132,Bonnet,Monique,mbonnet,nj6u70yr
133,Lesperance,Denis,dlesperance,xpovi04j
134,Therrien,Aimée,atherrien,a8pyj0tc
135,Pelland,Ouida,opelland,15n8nxq4
136,Leclair,André,aleclair,foljllpn
137,Guilmette,Benjamine,bguilmette,xb0e55ye
138,Quenneville,Ouida,oquenneville,xuxpjdjo
139,De,Mathis,mde,hp5vnis6
140,Marcil,Mathis,mmarcil,nxgcjlkk
141,Courtemanche,Germaine,gcourtemanche,6456oweg
142,Gareau,Arlette,agareau,hpe602jh
143,Paquin,Victoire,vpaquin,6x0s8ex6
144,Lacroix,Gabriel,glacroix,fle0zqbd
145,Martel,Arnaud,amartel,fxy7g47k
146,Boisvert,Mélanie,mboisvert,08afg6ib
147,Bondy,Albert,abondy,l8ask545
148,Boulanger,évariste,éboulanger,cxg1j3s6
149,Chalut,Gisèle,gchalut,kkjp54xu
150,Jette,Rochelle,rjette,qim14gll
151,Sacre,Mignon,msacre,y721bx4x
152,Pichette,Joseph,jpichette,ll54bf4c
153,Rossignol,François,frossignol,48kpu7ot
154,Chaloux,Virginie,vchaloux,dj4xms8h
155,Binet,Stéphane,sbinet,a0zyo53w
156,Rousseau,Mélissa,mrousseau,3iepaayo
157,Desforges,Gervaise,gdesforges1,xz3k6ro0
158,Coudert,André,acoudert,exraqfou
159,Laforge,Chantal,claforge,s0pvc7i3
160,Duhamel,Michèle,mduhamel,0sikzec2
161,Bolduc,Raoul,rbolduc,ddj9k0hx
162,Bilodeau,Gautier,gbilodeau,yss6i4ba
163,Guilmette,François,fguilmette,y1arc9hb
164,Bourgeau,Anatole,abourgeau,juueu5py
165,Lemaitre,Gervaise,glemaitre,l9d35vgj
166,Duhamel,Bertrand,bduhamel,n2kjlcjf
167,Dufour,Barnabé,bdufour,npeaysl0
168,Mazuret,Julienne,jmazuret,e09ktmg6
169,Parenteau,Stéphanie,sparenteau,ry0td0xv
170,Louis,Philbert,plouis,uqm8ptg8
171,Bondy,Constance,cbondy,cbqxgz25
172,Drouin,Esmée,edrouin,o01muzm0
173,Bilodeau,Salomé,sbilodeau,skbabr9n
174,Chaloux,Charlotte,cchaloux,l3rizp0w
175,Fugere,Natalie,nfugere,43hnva12
176,Chastain,Vincent,vchastain,hky7odqw
177,Belair,Rosine,rbelair,sb1dm17u
178,Duplessis,Noelle,nduplessis,h2mqgwzz
179,Dumont,Emeline,edumont,y674zrns
180,Batard,élise,ébatard,ljp13ws4
181,Desroches,Léonard,ldesroches,f8yl4mat
182,Chaloux,Zephyrine,zchaloux,qfikgar7
183,Clavet,Renée,rclavet,ybq4ltm0
184,Lemaitre,Victor,vlemaitre,kx859z06
185,Leclair,Vincent,vleclair,rplszw6t
186,Frappier,Noelle,nfrappier,zomqqon4
187,Querry,Marguerite,mquerry,qrhbc42b
188,Savard,Gabrielle,gsavard,n8lg626x
189,Barrette,Pierrick,pbarrette,09mcq48u
190,Levesque,Reine,rlevesque,xc3tadsy
191,Bouchard,Apollinaire,abouchard,6yesa1by
192,Barrette,Luc,lbarrette,t7bwta38
193,Jardine,Constance,cjardine,3v3kgs3i
194,Dufour,Herbert,hdufour,f3ofh1jf
195,Theriault,Martine,mtheriault,6gahymne
196,Charlebois,Marianne,mcharlebois,vhib8ygr
197,Lagrange,Lucas,llagrange,htlo3h76
198,Grignon,Pauline,pgrignon,nu7yabpx
199,Asselin,Christophe,casselin,tbeufmot
200,Barrette,Jean-marie,jbarrette,88dxo85c
201,Gaudreau,Laurentine,lgaudreau,gi8qhbdl
202,Turgeon,Ghislaine,gturgeon,maj43atj
203,Marcil,Renée,rmarcil,aykyn26h
204,Mazuret,Guillaume,gmazuret,ih26e577
205,Mailhot,Lucien,lmailhot,djwap256
206,Gaudreau,Judith,jgaudreau,k3vx5lke
207,Brousse,Géraud,gbrousse,tw0gokfp
208,Langelier,Hubert,hlangelier,98pyy43m
209,Austin,Edgar,eaustin,lqbspfbg
210,Miron,Nicodème,nmiron,7flcxnu6
211,Chaloux,Paulette,pchaloux,evfa44vh
212,Baril,Rosette,rbaril,asagt09y
213,Huard,Nazaire,nhuard,vj8fvzhx
214,Chaloux,Lucien,lchaloux,d23m9iyk
215,Bisaillon,Renard,rbisaillon,jnkjs1wt
216,Gareau,Micheline,mgareau,2tx8x90x
217,Savard,Fabrice,fsavard,omz1cih8
218,Beaudoin,Honoré,hbeaudoin,k5qmc6ig
219,Baril,Apollinaire,abaril,b4u1l7uv
220,Latourelle,Blaise,blatourelle,ap1glgxd
221,Leclair,éliane,éleclair,e64k9yez
222,Reault,Camille,creault,gu25z45j
223,Chalut,Olympe,ochalut,q5loctku
224,LaCaille,Jérémie,jlacaille,jngaqwbs
225,Duplessis,Lucille,lduplessis,6qtt791t
226,Deblois,Géraud,gdeblois,q4gmb1hr
227,Boisvert,Cécile,cboisvert,pw9qztrh
228,Babin,Colombe,cbabin,rwne1prc
229,Querry,Christianne,cquerry,x6885pnr
230,Asselin,Fifi,fasselin,3xohb23m
231,Theriault,Noé,ntheriault,14in9a54
232,Duhamel,Pascal,pduhamel,nuegbbs7
233,Vaillancour,Philibert,pvaillancour,dlaiu6qg
234,Parrot,Laurence,lparrot,zo3bmvrd
235,Huppe,Claudine,chuppe,ohcmb56f
236,Bourgeau,Geneviève,gbourgeau,10cpv8dg
237,Labelle,Axelle,alabelle,an45d740
238,Chalut,Lydie,lchalut,0mc6kc8i
239,Asselin,Sarah,sasselin,c7xt1n7a
240,Bolduc,Gaetane,gbolduc,t9knrqoe
241,Chicoine,Fabienne,fchicoine,82z3lx4r
242,Goulet,Marius,mgoulet,v8jsdv1j
243,Guilmette,Dianne,dguilmette,wghztrbj
244,Arpin,André,aarpin,pevvb08f
245,Batard,Dion,dbatard,rb0w004q
246,Devoe,Arlette,adevoe,c5al9aju
247,Beausoleil,Olivie,obeausoleil,8vvpgop5
248,Lessard,Lucrece,llessard1,ozgbbsaj
249,Lagace,Justine,jlagace,yuh3pkp0
250,Deblois,Rémi,rdeblois,rk1m1094
251,De,Pascal,pde,4x4ezrso
252,Rousseau,Romaine,rrousseau,wzxuful0
253,Doucet,Yanick,ydoucet,f4xhaes2
254,Doucet,Jeannot,jdoucet,wlyi9ne2
255,Bilodeau,Florian,fbilodeau,pg3gumcq
256,Theriault,Lothaire,ltheriault,yeb7d0cy
257,Savard,Thérèse,tsavard,7b673k73
258,Lagrange,Josue,jlagrange,m2v5acsg
259,LHiver,Régine,rlhiver,oyu95q3r
260,Chaloux,Benjamin,bchaloux,psqd4o2o
261,Bisson,Suzette,sbisson,rx4ka6hu
262,Tessier,Julien,jtessier,ojezk811
263,Rheaume,Simon,srheaume,0d150c1s
264,Marchesseault,Monique,mmarchesseault,wbzl4n54
265,Sacre,Barnabé,bsacre,6ixild8e
266,Givry,Aurélie,agivry,auy5ey1r
267,Bisaillon,Auguste,abisaillon,wabgaqqk
268,Jette,Corentin,cjette,91nn8s87
269,Berard,Ninon,nberard,3k5f2x7j
270,Bisson,Yann,ybisson,w9yyl81w
271,Chalut,Madeleine,mchalut,4d3ej4re
272,Beaudoin,Antoine,abeaudoin,n25z6htk
273,Laderoute,Marcelline,mladeroute,61nme8uf
274,Jodoin,Seraphine,sjodoin,6idn2gzd
275,Brochu,Benoit,bbrochu,6r68mhte
276,Chalut,Sylvaine,schalut,08jq1sjl
277,Duhamel,Vivien,vduhamel,m94mve32
278,Labelle,Sarah,slabelle,17t0lxh0
279,Dufresne,Joseph,jdufresne1,19up6nse
280,Turgeon,Josèphe,jturgeon,63u8ehpn
281,Jette,Myriam,mjette,ymfo4gm3
282,Louis,élise,élouis,gtis2tlr
283,Beauchesne,Gabrielle,gbeauchesne,l5m6qf5y
284,Voisine,Micheline,mvoisine,z01ykx9z
285,Berard,Raymonde,rberard,gfznaolr
286,Dionne,Pascaline,pdionne,htbhnxu0
287,Chalut,Edgar,echalut,6rr32g43
288,Sciverit,Olivier,osciverit,4zlf8kp0
289,Bolduc,émilie,ébolduc,rt4f7e37
290,Barjavel,Aurèle,abarjavel,6neufomd
291,Lessard,Sandrine,slessard,fgcrprpd
292,Givry,Colette,cgivry,9sh7jwzr
293,Chicoine,Marise,mchicoine,vel9vaut
294,Givry,Patrick,pgivry,g5uahecu
295,Rousseau,Sylviane,srousseau,33txjoa6
296,Parrot,Patrick,pparrot,atvp75r0
297,Chalut,Sarah,schalut1,nhr8ohs0
298,Voisine,Agnès,avoisine,o83kc11n
299,Bilodeau,Adam,abilodeau1,i0kgwbgp
300,Lamoureux,Lucie,llamoureux,zp3xsrwl
301,De,Zoé,zde,7risjuuz
302,Reault,Marc,mreault,z4b6hwgb
303,Brochu,Michel,mbrochu,m0cwd3jw
304,Saucier,Marcelline,msaucier,6veqbm73
305,Fugere,Jeannot,jfugere,eh5ti63b
306,Asselin,Rébecca,rasselin,ry75pf1c
307,Marcil,Julienne,jmarcil,5nszwipa
308,Therrien,Irène,itherrien,qqkps13c
309,Huard,Monique,mhuard,yp4ovhfy
310,Chasse,Aristide,achasse,887bki9o
311,Bedard,Albertine,abedard,3tsp9e11
312,Pinneau,Georges,gpinneau,y0e1pv9u
313,Hebert,Françoise,fhebert,geizfjw3
314,Chalut,Gervais,gchalut1,iqljtqia
315,Mainville,Armelle,amainville,msp4tjg6
316,Pepin,Claire,cpepin,roe75ap4
317,Asselin,Charlotte,casselin1,em1ops0c
318,Huard,Florianne,fhuard,3ndpb8t5
319,Batard,Valentine,vbatard,f6dbg7tn
320,Barriere,Isidore,ibarriere,tsx3ijzi
321,Langlais,Hugues,hlanglais,v55t8lup
322,Charlebois,René,rcharlebois1,j1ldyeth
323,Bolduc,Nazaire,nbolduc,l28gnxna
324,Langelier,Bernadette,blangelier,nsa051kt
325,Doucet,Luc,ldoucet,cv0wk2dx
326,Doiron,Marceline,mdoiron,afqelpfw
327,Chaloux,Sylvain,schaloux,d2hlya1n
328,Leblanc,Ignace,ileblanc,kxeiutka
329,Carignan,Mariette,mcarignan,dumpej63
330,Laderoute,Sylviane,sladeroute1,qc2mny2d
331,Cartier,Arnaude,acartier,n3ueyvoc
332,Roussel,Mariette,mroussel,o8s8yr0l
333,Beaudoin,Jules,jbeaudoin,fhr0pz36
334,Chaloux,Pauline,pchaloux1,iflhmg9e
335,Blanchard,Edwige,eblanchard,xi2m8mwi
336,Devoe,Angèle,adevoe1,osofgpm2
337,Aucoin,Louis,laucoin,p5j60xnt
338,Ayot,Rodrigue,rayot,j582eh0t
339,Gareau,Juliette,jgareau,z1pzc7bv
340,Laderoute,élise,éladeroute,w0knyqbg
341,Pellerin,Thérèse,tpellerin1,utlazt23
342,Frappier,Léonce,lfrappier,o70lgodo
343,Lagueux,Muriel,mlagueux,or0mfg41
344,Bourassa,Eric,ebourassa,ktv2yech
345,Goulet,Absolon,agoulet,8f28i4x3
346,Jette,Pierrick,pjette,x7cqfr9y
347,Fugere,Jérôme,jfugere1,n2l1az37
348,Binet,Chloé,cbinet,6ooe3ped
349,Desroches,Cerise,cdesroches,0yvudl9g
350,Belisle,Honorine,hbelisle,q0smxnce
351,Devoe,Micheline,mdevoe,nha6lzex
352,Miron,Marine,mmiron,4v6xt5jc
353,Parenteau,éloise,éparenteau,zz7fyndt
354,Givry,Geoffroi,ggivry,0cdoue8h
355,Bisaillon,Philippine,pbisaillon,53z2fasy
356,Godin,Sybille,sgodin,vtfd8qrr
357,Aubin,Aline,aaubin,0e47i2jt
358,Berard,Muriel,mberard,a1gc2c3q
359,Mailly,Gaetane,gmailly,wd9z61zs
360,Therrien,Michelle,mtherrien,u8e3njvh
361,Laforge,Lunete,llaforge,yjt7w2in
362,Guimond,Irénée,iguimond,g6n1nn1t
363,Clavette,Evrard,eclavette,g5khy8dj
364,Binet,Célestin,cbinet1,xqi5c74n
365,Tessier,Dominique,dtessier,fe3ei2mf
366,Charlebois,Marceline,mcharlebois1,fp8hv4sl
367,Lacroix,Corinne,clacroix,gmjb5fvm
368,Lagace,Sabine,slagace,ca4rqq7e
369,Gamelin,Hugues,hgamelin,e6lgoopq
370,Belisle,Philibert,pbelisle,i8bg8znu
371,Clavet,Célestine,cclavet,o470buq5
372,LaCaille,Géraud,glacaille,4068w7cb
373,Leblanc,Florentin,fleblanc,prdtqm0n
374,Baril,Salomé,sbaril,thz9w2ri
375,Levesque,Noé,nlevesque,9yuwihjo
376,Paquin,Florentin,fpaquin,uhudbtnz
377,Bisaillon,Matthieu,mbisaillon,e0h325ee
378,Desrosiers,Dennis,ddesrosiers,6hwen9km
379,Laforge,Lambert,llaforge1,ka7uj8hs
380,Duhamel,Rodolphe,rduhamel,mnh7p02w
381,Langelier,Nina,nlangelier,nk87dhl3
382,Dumont,Delphine,ddumont,vsj5ka3i
383,Chaloux,Jacqueline,jchaloux,ej5pmav9
384,Guimond,Alexandrie,aguimond,5fl0a100
385,Sciverit,Mariette,msciverit,wmxuqno4
386,Babin,Eléonore,ebabin,fynqgfgw
387,Lamoureux,Timothée,tlamoureux,mij08vz4
388,Jodoin,Mignon,mjodoin1,lekjz3wa
389,Brian,Zoé,zbrian,m5835fud
390,Saucier,évariste,ésaucier,giv1v2yn
391,Boulanger,Francine,fboulanger,1n3epj8f
392,Guilmette,Lucrece,lguilmette,lav85yog
393,Cartier,Renard,rcartier,7gwvtf1o
394,Bouchard,Nicodème,nbouchard,6bybfn2y
395,Desroches,Philibert,pdesroches,dhdi3tri
396,Bisson,Auguste,abisson,q1sda25w
397,Dionne,Felicien,fdionne,vxvu6ldo
398,Sevier,Alain,asevier,kjdby87f
399,Gaudreau,Virginie,vgaudreau,r96kfijo
400,Parenteau,Renée,rparenteau,0p7q9hff
401,Austin,Raphael,raustin,i0l7u6qw
402,Huard,Bertrand,bhuard,ub3s6qv8
403,Louis,David,dlouis,rs4p6t5q
404,Jette,Charline,cjette1,e7usp9pu
405,Jodoin,Agnès,ajodoin,kozglhjc
406,Caouette,Yanick,ycaouette,1p04fvsp
407,Tessier,Juste,jtessier1,nderhwzb
408,Bondy,Mignon,mbondy,jdqqrfpe
409,Chesnay,Cosette,cchesnay,07la5ghu
410,Dionne,Barthélémy,bdionne,omy9rpt1
411,Louis,Josèphe,jlouis,20fno93r
412,Carignan,Vespasien,vcarignan,aii37jd6
413,Bourgeau,Flavie,fbourgeau,5gr5tcze
414,Pellerin,Aline,apellerin,by4ub4rt
415,Belisle,Yvette,ybelisle,92qz7b4m
416,Deblois,Aimée,adeblois,dxalrwe9
417,Therrien,Eugénie,etherrien,vfer1kw0
418,Rheaume,Thérèse,trheaume,cxz2qvvo
419,Tessier,Narcisse,ntessier,2bxobahj
420,Bourgeois,Eugénie,ebourgeois,t6pbgmbn
421,Bourgeau,Dimitri,dbourgeau,azcdhipj
422,Sevier,Armand,asevier1,e1ujfp5u
423,Dodier,Valentin,vdodier,z79uxnid
424,Bourgeois,Arnaud,abourgeois,71v326zx
425,Dodier,Raoul,rdodier,ug69zy93
426,Artois,Océane,oartois,pnrg4ulf
427,Desroches,Christianne,cdesroches1,4cx8j66s
428,Desrosiers,Catherine,cdesrosiers,ijg2gbok
429,Batard,Papillion,pbatard,7rjepp1s
430,Huppe,Célestin,chuppe1,mrte1qgb
431,Langelier,Zacharie,zlangelier,agb0o8c2
432,Theriault,Léa,ltheriault1,2zqz2rce
433,Levesque,émilien,élevesque,c824dwv7
434,Jodoin,Danièle,djodoin,ji421550
435,Bourgeois,Ouida,obourgeois,eqgnwnbs
436,Bedard,Eugénie,ebedard,aelmhxgj
437,Gamelin,Colombe,cgamelin,faouvh4l
438,Querry,Emmanuelle,equerry,tlyuqwhp
439,Denis,Aimé,adenis,04el87jx
440,Dufour,Héloïse,hdufour1,irvnp6hu
441,Bolduc,Gisselle,gbolduc1,vpx8tswo
442,Tessier,Juliette,jtessier2,7ps54jqw
443,Lagrange,Germaine,glagrange,r92tql45
444,Beausoleil,Rachel,rbeausoleil,sgsojcfx
445,Ducharme,Lionel,lducharme,79v3k3we
446,Gregoire,Gérald,ggregoire,3bvskisn
447,Chaussee,Rémy,rchaussee,uqo27jv2
448,Saucier,Telesphore,tsaucier,6h1xloki
449,Parenteau,Fabien,fparenteau,5w77vq1y
450,Fluet,Joséphine,jfluet,vlhz144j
451,Chesnay,Dennis,dchesnay,brlyg84z
452,Bourassa,Lucie,lbourassa,kgnhrjgm
453,Pellerin,Madeleine,mpellerin,3hsxqvw4
454,Ayot,Clarisse,cayot,jtuswdxe
455,Duperre,Myriam,mduperre,dwtcow75
456,Bisson,Giselle,gbisson,8cat1lvl
457,Desrosiers,Tristan,tdesrosiers,l0ljwqbm
458,Laforest,Stéphane,slaforest,llbdb85j
459,Lafreniere,Lothaire,llafreniere,dmctwern
460,Boisvert,Nadine,nboisvert,ytb08r61
461,Proulx,Annette,aproulx,2rcjaefl
462,Picard,Lisette,lpicard,2568qiu0
463,Baril,Edgard,ebaril,bbe9blsz
464,Bourgeois,François,fbourgeois,795rr5e1
465,Chicoine,Richard,rchicoine,klnp3oia
466,Leblanc,Amarante,aleblanc,9sf8ybb9
467,Paimboeuf,Natalie,npaimboeuf,llx5aexp
468,Asselin,André,aasselin,r8m2ukfr
469,Bilodeau,Fernande,fbilodeau1,kkvjkxk2
470,Lessard,Noel,nlessard,4bfvdw8a
471,Querry,Jeannot,jquerry,w6ga0e2e
472,Caouette,Placide,pcaouette,2itneak3
473,Chasse,Edmond,echasse,0pv2htnb
474,Cartier,Thierry,tcartier,jmh4fegw
475,Duperre,Loup,lduperre,39i4mr08
476,Jardine,Sébastien,sjardine,aarr9hdc
477,Bellemare,Fabiola,fbellemare,cgti5ks7
478,Pellerin,Gilberte,gpellerin,mrf9yl43
479,Camus,Rachel,rcamus,f20szbpb
480,Jodoin,Michelle,mjodoin2,vp7es3fx
481,LHiver,Vienne,vlhiver,oqh9pos1
482,Deblois,André,adeblois1,kkqoob9u
483,Louis,élise,élouis1,5lz6uwpf
484,Marier,Lisette,lmarier,zg4cd1d2
485,Charlebois,Dieudonné,dcharlebois,fdsnkbu5
486,Asselin,Adélaïde,aasselin1,clnhch77
487,Sacre,Alexandre,asacre,1yrmsi5c
488,Sciverit,Claudine,csciverit,a2dnttku
489,Desroches,Suzette,sdesroches,rq3zieho
490,Gaudreau,Madeline,mgaudreau,pqqds08e
491,LHiver,Sylvianne,slhiver,fol5gbzs
492,Caya,Yanick,ycaya,fhoaia7j
493,Saucier,Colombain,csaucier,100brfcp
494,Blanchard,Clarice,cblanchard,g686vzav
495,Turgeon,Fernande,fturgeon,i3kkia16
496,Theriault,Anatole,atheriault,y4rgnxhl
497,Lemaitre,Delphine,dlemaitre,mr623zsl
498,Parenteau,Antoinette,aparenteau,z0e6bxo3
499,Rheaume,Barnabé,brheaume,b4vbu8fy
500,Chasse,Lucie,lchasse,in6untjq
501,Berthiaume,Raoul,rberthiaume1,aswzhlo7
502,Brochu,Marcelle,mbrochu1,590x1j6a
503,Dodier,Georgette,gdodier,xa1dozcd
504,Arpin,Aude,aarpin1,ge06bu79
505,Dionne,Laurette,ldionne,ni0jlspc
506,Gregoire,Adolphe,agregoire,qkbnkh4p
507,Parizeau,Yanick,yparizeau,fj8uqhu9
508,Artois,Sylviane,sartois,xgeorm2v
509,Drouin,Grégoire,gdrouin,d4hlv2v5
510,Mouet,Perceval,pmouet,sjalz7w9
511,Piedalue,Lucas,lpiedalue,z383pa7k
512,Rossignol,Georgine,grossignol,kmo2dy1x
513,Plourde,Rodolph,rplourde,og509btz
514,Dufour,Suzanne,sdufour,12sgds81
515,Bouchard,Achille,abouchard1,wwtuqlso
516,Asselin,Aurore,aasselin2,nx8h5b9f
517,Brousse,Sylvain,sbrousse,livvl6ge
518,Chalut,Alexandrie,achalut,an22qro3
519,Barrette,Ermenegilde,ebarrette,jsbg5n4n
520,Paimboeuf,Régine,rpaimboeuf,jg4dxj1t
521,Marier,Marius,mmarier,imo7uuuc
522,Beriault,Cyrille,cberiault,oc6zo506
523,Babin,Placide,pbabin,5227u4ns
524,Brian,Sandrine,sbrian,y8ws6i9z
525,Gregoire,Grégoire,ggregoire1,xz3bl5k7
526,Lamoureux,Caroline,clamoureux1,cub8zbzm
527,Parenteau,Thomas,tparenteau,q71qk49q
528,Asselin,Mirabelle,masselin1,6yfccozr
529,Jette,Cunégonde,cjette2,9nidlxks
530,Langlais,Anaïs,alanglais,vi46ztme
531,Bourassa,élodie,ébourassa,e9t6tfvg
532,Guimond,Amaury,aguimond1,6c1qd68t
533,Dodier,Mignon,mdodier,iceq9eas
534,Cadieux,Nadine,ncadieux,6bumslyd
535,Chicoine,Bertrand,bchicoine,k0fd9ann
536,Lessard,Didier,dlessard,bv2g3a0o
537,Tessier,Nicolas,ntessier1,jm3e9u6k
538,Leblanc,Baudouin,bleblanc,om93qixy
539,Mouet,Chantal,cmouet,clela0yz
540,Clavet,Catherine,cclavet1,t7leuaz3
541,Berard,Sybille,sberard,9z23x88d
542,Clavet,Perrine,pclavet,xul49cu9
543,Desforges,Laurette,ldesforges,8q2rtmp5
544,Gareau,Oriane,ogareau,p3ou23sg
545,Doiron,Mirabelle,mdoiron1,6hrxt4op
546,Lagrange,Léa,llagrange1,967meh2o
547,Daigle,Rosemonde,rdaigle,sbyis4d5
548,Labelle,Luc,llabelle,7pv0wj4h
549,Laforest,Lucas,llaforest,i52tu263
550,Bourgeois,Charline,cbourgeois,adp15ocu
551,Bouchard,Ghislain,gbouchard,jw7oi0uh
552,Leclair,Dieudonné,dleclair,1labyzsc
553,Duhamel,Gervaise,gduhamel,t8ziuqju
554,Grignon,Colombe,cgrignon,trhzumi8
555,Mailly,Bertrand,bmailly,h23f0yn4
556,Brousse,Rosette,rbrousse,32ixwbfm
557,Lagrange,Françoise,flagrange,h5jw2zlt
558,Lagueux,Ariane,alagueux,hi9ga0da
559,Berger,Juliette,jberger,5std2g2b
560,Bourassa,Lunete,lbourassa1,628eqhgl
561,Pichette,Benoite,bpichette,rv5ui92i
562,Jodoin,Rosalie,rjodoin,5eif7vlh
563,Leblanc,Mathilde,mleblanc,0ck3h84q
564,Carignan,Rémy,rcarignan,m2usnq32
565,Tardif,Laurent,ltardif,mg9k5wgh
566,Desroches,Raphael,rdesroches1,9zl1q5pa
567,Langlais,Arlette,alanglais1,40oo54hw
568,Pichette,Edmond,epichette,bgputlup
569,Louis,Thomas,tlouis,cpctqrzx
570,Pellerin,Dimitri,dpellerin,zeed45y9
571,Pomerleau,Hector,hpomerleau,lx6rqpqm
572,Labelle,Rodrigue,rlabelle,fgwf30dg
573,Doucet,Anaïs,adoucet,e6oz7w4t
574,Miron,Albert,amiron,aqn1gu3g
575,Miron,Louise,lmiron,txzo8n97
576,Chaloux,Olivie,ochaloux,y9lygot8
577,Therrien,Louis,ltherrien,vqz68vgy
578,Parenteau,Hermine,hparenteau,u0knewlb
579,Austin,Félicie,faustin,nte59ar1
580,Charron,Clarisse,ccharron,xl2ps2ox
581,Bourassa,Marie,mbourassa,00ecxqxm
582,Levesque,Paul,plevesque,rdxo1kvr
583,Sevier,Hippolyte,hsevier,eolcic6t
584,Mainville,Annette,amainville1,gcbjef9h
585,Aubin,Zoé,zaubin,7nuyqsp7
586,Louis,Lucienne,llouis,h375bbqk
587,Levesque,Thibault,tlevesque,3uja67u6
588,Latourelle,François,flatourelle,m1oufdku
589,Marcil,Mireille,mmarcil1,qg9d5ze5
590,Lagrange,Irène,ilagrange,9yeu8a1c
591,Berger,Adam,aberger,7xi04hnf
592,Bilodeau,Renaud,rbilodeau,y1oyep94
593,Sacre,Faustine,fsacre,lwg8ihbx
594,Pomerleau,Maurice,mpomerleau,m8rdb5y0
595,Riquier,Marine,mriquier,10riqx9q
596,Grignon,Sylvianne,sgrignon,7yvj805y
597,Mouet,Ignace,imouet,7e2jsh79
598,Denis,Odile,odenis,eak9y7fg
599,Bedard,Claude,cbedard,cj035ipq
600,Marchesseault,Ghislain,gmarchesseault,umldaodx
601,Brousse,Adrien,abrousse,ttyd1ldg
602,Langlais,Marthe,mlanglais1,9c49byyz
603,Tardif,Diodore,dtardif,6o1ed0gz
604,Rousseau,Angelique,arousseau,l03vd8ze
605,Denis,Micheline,mdenis,gji4w9nh
606,Lagace,Sabine,slagace1,enekg8tk
607,Duhamel,Raymond,rduhamel1,q31906qx
608,Lagrange,Edgard,elagrange,tbfhbbe4
609,Pellerin,évariste,épellerin,fxfq9f6e
610,Mailhot,Céleste,cmailhot,olhrregv
611,Bilodeau,Irène,ibilodeau,k5jtk1ax
612,Desroches,Yannic,ydesroches,y1c2kow1
613,Duplessis,Toussaint,tduplessis,1gza1f7n
614,Beaulac,Vespasien,vbeaulac,9i8n604w
615,Bouchard,Amélie,abouchard2,cbc21a7b
616,Chalut,Toinette,tchalut,56365jx4
617,Gaudreau,Lazare,lgaudreau1,n9wd593q
618,Theriault,Yseult,ytheriault,jhia310w
619,Jardine,Esmée,ejardine,18cvq9z0
620,Lamoureux,Dieudonnée,dlamoureux,0zn8gv9s
621,Querry,Hugues,hquerry,naboc7lp
622,Coudert,Eugène,ecoudert,b8abuyhn
623,Berard,Arnaude,aberard,rsznn92r
624,Bisson,René,rbisson,fw3pqm1x
625,Tollmache,Absolon,atollmache,np3s7mwd
626,Gamelin,Olympe,ogamelin,bwqphix0
627,Pelland,Olivier,opelland1,z0uumymm
628,Guimond,Ignace,iguimond1,obwp25z8
629,Chaloux,Isabelle,ichaloux,24otli5n
630,Lamoureux,Valéry,vlamoureux,2sfuzgy1
631,Sacre,Suzette,ssacre,2argfn6d
632,Barjavel,Jeanine,jbarjavel,87q2n1ff
633,Clavette,Lucille,lclavette,zbgf2vsj
634,Mailloux,Chantal,cmailloux,m0tt879l
635,Tardif,Léandre,ltardif1,nkzdz859
636,Ayot,éloise,éayot,z8u2tn52
637,Trepanier,Ambroise,atrepanier,yq9yiw0a
638,Sciverit,Gabrielle,gsciverit,m9xmjzdw
639,Mainville,Léopold,lmainville,9ldrvhg5
640,Carignan,Françoise,fcarignan,r3by7u5b
641,Clavette,Juste,jclavette,xnwzit5x
642,Picard,Ariane,apicard,yaa5bfxu
643,Savard,Flavie,fsavard1,ei3r53ha
644,Rochon,Jacinthe,jrochon,vhpm1ftt
645,Asselin,Alphonsine,aasselin3,yo06gv8s
646,Charrette,Gervaise,gcharrette,u9mggons
647,Theriault,Grégoire,gtheriault,18kxfxoi
648,Brian,Lucile,lbrian,srnrsv5u
649,Chaussee,Gérald,gchaussee,nr9q4gs9
650,Guilmette,Pascal,pguilmette,7i9ggwdk
651,Duffet,Sébastien,sduffet,0nbmpici
652,Jobin,Sibylle,sjobin,gkz490iq
653,Beaulac,Armelle,abeaulac,tynfgnk1
654,Tessier,Xavier,xtessier,nngarz1b
655,Leclair,Nicole,nleclair,oo95etw6
656,Jobin,Arnaud,ajobin1,anze24ka
657,Godin,Ninon,ngodin,0jol4v4u
658,Paimboeuf,Honoré,hpaimboeuf,c0ez86q6
659,Proulx,Léonard,lproulx1,3ceilqjt
660,Ducharme,Constant,cducharme,5qj55man
661,Sevier,Gilberte,gsevier,h06nzavn
662,Desrosiers,Iréné,idesrosiers,vevytrmu
663,Frappier,Noella,nfrappier1,ni0pkkgq
664,Clavet,Amaury,aclavet,yikoaedc
665,Bourgeois,Mathis,mbourgeois,hdxqv7ub
666,Martel,émilien,émartel,73p181a5
667,Brisebois,Faustine,fbrisebois,ic9a40ay
668,Arpin,Nicodème,narpin,v2jdalbs
669,Duperre,Morgane,mduperre1,mxt7vac9
670,Brian,Timothée,tbrian,xa5qa1zi
671,Gaudreau,Aurèle,agaudreau,c74zr4gj
672,Therrien,Dianne,dtherrien,jpbuhnoi
673,LaCaille,Aimée,alacaille,99pr71fv
674,Theriault,Honorine,htheriault,m3p5iv04
675,Barrette,Ozanne,obarrette,w3tytlcg
676,Proulx,Angèle,aproulx1,pgykwf6o
677,Rousseau,Sidonie,srousseau1,dn7pxksm
678,Deblois,Clarice,cdeblois,751nzndz
679,Caya,Maximilienne,mcaya,30zx9l2a
680,Roussel,Emeline,eroussel,7m4yj7z7
681,Berthiaume,Vienne,vberthiaume,e09ve8li
682,Camus,Justine,jcamus1,okmrk8p7
683,Desroches,Christine,cdesroches2,y7vzwj1h
684,Theriault,Andrée,atheriault1,tuvfzdvr
685,Bisaillon,Josiane,jbisaillon,ymrxe07x
686,Leclair,Sylvie,sleclair,i5h41fd3
687,Gamelin,Camille,cgamelin1,w2bg198n
688,Fugere,Diodore,dfugere,uo4wejoh
689,Desrosiers,Gaétan,gdesrosiers,oa71ed22
690,Mailloux,Noelle,nmailloux,k3fht6tr
691,Camus,Isabelle,icamus,0vbawhrm
692,Sevier,Reine,rsevier,3s2bq9zj
693,Deblois,Constantin,cdeblois1,kyb0v2y1
694,Parrot,Corin,cparrot,tmocqs0p
695,Daigle,Roxanne,rdaigle1,aij48jcq
696,Mailhot,Simone,smailhot,ig0t83gy
697,Asselin,Josue,jasselin,opxuv8ly
698,Reault,Colombain,creault1,yflf6t7x
699,Marcil,Lucille,lmarcil,abak0lbj
700,Beriault,Danielle,dberiault,ptt0ohwo
701,Piedalue,Caroline,cpiedalue,plty2iyw
702,Artois,Nicolas,nartois,qkbp0584
703,Therrien,Jean,jtherrien,iz4nnf61
704,St-Pierre,Charles,cst-pierre,eqjucac0
705,Therrien,Christiane,ctherrien,lxgj1uwn
706,Tollmache,Dieudonnée,dtollmache,0gdaxd4i
707,Paimboeuf,Danielle,dpaimboeuf,0i4pkhbc
708,Laderoute,Armand,aladeroute,qec28y5x
709,Gaudreau,Hilaire,hgaudreau,ift8b22s
710,Marseau,Telesphore,tmarseau,oagt5h7m
711,Binet,Gaetane,gbinet,6anjlgw8
712,Mouet,Gisselle,gmouet,oacq93rm
713,Paquin,Ignace,ipaquin,jqns7l5f
714,Belair,Lisette,lbelair,16izyflk
715,Batard,Jacinthe,jbatard,o7o6boqw
716,Aucoin,Albert,aaucoin,98ev87xg
717,Caya,Jeannine,jcaya,17mzlyvm
718,Bisaillon,Marise,mbisaillon1,1o0yipvq
719,Mailhot,éliane,émailhot,c6mxb0uh
720,Therriault,Suzette,stherriault,iousou5y
721,Lafreniere,Gaetane,glafreniere,cendzkzx
722,Chicoine,Philippe,pchicoine,qbf7sczc
723,Berger,Noé,nberger,a4lti00k
724,Clavet,Lunete,lclavet,lpvxa3ab
725,Jette,Alain,ajette,36dg47dj
726,Dodier,Loup,ldodier,hg5fz54g
727,LaCaille,Jérôme,jlacaille1,4no7yc7a
728,Marquis,Laurence,lmarquis,ge4epwx3
729,Plourde,Reine,rplourde1,u8ftsvol
730,Marquis,Bernadette,bmarquis,rnjho67u
731,Bisaillon,Raphaël,rbisaillon1,lg1sl0ik
732,Babin,Yannic,ybabin,ntqu6mbp
733,Roussel,Rosalie,rroussel,s3jo68bq
734,Desroches,Emmanuelle,edesroches,hcdyqjm0
735,Batard,Céleste,cbatard,gcu4o7tn
736,Desrosiers,Amédée,adesrosiers,pl2tg2am
737,Charrette,Léonie,lcharrette,ts4cqos0
738,Rousseau,Gérard,grousseau,s063rz6g
739,Clavet,Bernardine,bclavet,t33nx7e1
740,Leblanc,Amélie,aleblanc1,9n9alv4n
741,Bisaillon,Eve,ebisaillon,3efxwx0b
742,Villeneuve,Joséphine,jvilleneuve,b4jikehr
743,Huppe,Iréné,ihuppe,8r9680s5
744,Tardif,Reine,rtardif,hxbhzd1x
745,Mouet,Benjamin,bmouet,nso7obtc
746,Brisebois,Yves,ybrisebois,r9zyxtar
747,Langelier,Roger,rlangelier1,4bq7jzac
748,Leblanc,Marianne,mleblanc1,kv0ggabq
749,Marier,Marianne,mmarier1,xiyx9syc
750,Dumont,Blaise,bdumont,7cp85bf0
751,Lagueux,Julienne,jlagueux,l7vwfrwp
752,Trepanier,Alphonse,atrepanier1,vi0t1ghr
753,Parrot,Thomas,tparrot,3w7mfssh
754,Fluet,édith,éfluet,sail2exc
755,Batard,Martine,mbatard,ydpgtw3k
756,Mailhot,Vespasien,vmailhot,c6qk7jsa
757,Mailly,Séverin,smailly,ndjezfa5
758,Theriault,Charline,ctheriault,slt4s3cq
759,Brisette,Joël,jbrisette,3emzwb1q
760,Leblanc,Natalie,nleblanc,vfjezyr0
761,Barriere,Ermenegilde,ebarriere,dppir5bv
762,Lessard,Eve,elessard,e29qm2i4
763,Gregoire,Modestine,mgregoire,0rj1uuyp
764,Sciverit,Chantal,csciverit1,by17hgui
765,Pelland,Marin,mpelland,r0czuatf
766,Pellerin,Rosemonde,rpellerin,7rjcu9zm
767,Barrette,Corin,cbarrette,797p4so0
768,Barrette,Cunégonde,cbarrette1,k1hbx4zq
769,Godin,Donatien,dgodin,kvou89ls
770,Theriault,Florentin,ftheriault,mb3i6eem
771,Bourgeois,Edmond,ebourgeois1,o5vzcjlz
772,Charlebois,Lucienne,lcharlebois,294wki8t
773,Asselin,Suzette,sasselin1,05lpbk0e
774,Desforges,Paulette,pdesforges,75rgfown
775,Lagrange,Gisselle,glagrange1,fz8mjtog
776,Hebert,Alison,ahebert,tmc3hnfi
777,Saindon,Pascaline,psaindon,pz1s25az
778,Champagne,édith,échampagne,tl1dgiug
779,Jodoin,Michèle,mjodoin3,gback566
780,Chasse,Germain,gchasse,pr40rzje
781,Lagace,Gilles,glagace,p908edm0
782,Theriault,Damien,dtheriault,5w0yu3tq
783,Dumont,Héloïse,hdumont,wpl9c5ys
784,De,Flavie,fde,g9ht8eyd
785,Duhamel,Joelle,jduhamel1,53sx7izx
786,Mailhot,Basile,bmailhot,n8f4z89k
787,Bedard,Eugène,ebedard1,a84mleal
788,Berger,Germain,gberger,5ns37bl6
789,Gregoire,éloise,égregoire,rfl2dcfu
790,Clavet,Romaine,rclavet1,ppsexe9a
791,Turgeon,Bénédicte,bturgeon,5aou2itl
792,Chesnay,Madeleine,mchesnay,g9uqc2ab
793,Fugere,Christian,cfugere,zn6pz0cp
794,Lagrange,Rémi,rlagrange,aot3c3tu
795,Binet,Rachel,rbinet,i3nopxvv
796,Bourassa,Rodrigue,rbourassa,1n29eio9
797,Vaillancour,Michelle,mvaillancour,sujbyw86
798,Asselin,Alice,aasselin4,wejeaydp
799,Tollmache,Arianne,atollmache1,rrfum0nf
800,Babin,Victor,vbabin,w8nsrroz
801,Denis,Georgette,gdenis,acq1k369
802,Cartier,Florentin,fcartier,tfvfhlcy
803,Jette,Léandre,ljette,3ps67nnl
804,Dufour,Emmanuelle,edufour,vtfie3gd
805,Riquier,Brigitte,briquier,lfx389we
806,Rossignol,Adrienne,arossignol,eb7n61nq
807,Rossignol,Félix,frossignol1,p28isi01
808,Quenneville,Tatienne,tquenneville,6ai3fekw
809,Dufresne,élodie,édufresne,mthcfiw7
810,De,Alphonsine,ade,htzu7ij0
811,Dandonneau,Evette,edandonneau,91j089ym
812,Labelle,Noé,nlabelle,atimefgt
813,Sciverit,Edgar,esciverit,fprzq3t0
814,Belisle,Pierre,pbelisle1,t3uqx7ji
815,Piedalue,Augustin,apiedalue,x1o2erqo
816,Picard,Raphaël,rpicard,o6jrfsw0
817,Pinneau,Sylviane,spinneau,n67rbuc7
818,Plourde,Gilberte,gplourde,knv40ggh
819,Lessard,Constant,clessard,f7mdlc09
820,Lebrun,Colombain,clebrun,vdlcanii
821,Givry,édith,égivry,mp0jrlxg
822,Artois,Felicienne,fartois,eaqy7jnl
823,Chalut,Rodrigue,rchalut,r2vvs0ct
824,Theriault,Hubert,htheriault1,bqpcdqdd
825,Guimond,Chantal,cguimond1,d73jpjzp
826,Chastain,Mariette,mchastain,f43tqmdh
827,Fugere,Esther,efugere1,83fgksr6
828,Binet,Rosine,rbinet1,xs06zann
829,Doiron,Michelle,mdoiron2,gft0tipz
830,Bourassa,Georgine,gbourassa,ohhb8t71
831,Deblois,René,rdeblois1,a07asxgh
832,Dufresne,Arnaude,adufresne,1cjxu4f0
833,Miron,Pénélope,pmiron,7lm3f3bv
834,Blanchard,Georgette,gblanchard,77h4uuc1
835,Langelier,Géraud,glangelier,ez8a9k3b
836,Parenteau,Thierry,tparenteau1,npxtisqn
837,Desrosiers,Gervaise,gdesrosiers1,rrntreal
838,Duperre,Paschal,pduperre,aigzb49x
839,LaCaille,Rosalie,rlacaille,hmrs8ntk
840,Bizier,Nicole,nbizier,0muuscr8
841,Louis,Raymond,rlouis,hl4a6vcs
842,Fugere,Christianne,cfugere1,us81454u
843,Mailloux,Hélène,hmailloux,5wv9qfmr
844,Marier,Arnaude,amarier,6ixyfdpb
845,Bellemare,Yvette,ybellemare,57r7d8t3
846,Beaudoin,Juliette,jbeaudoin1,y3zfltne
847,Bourgeau,Suzanne,sbourgeau,acyscq0a
848,Jodoin,Suzette,sjodoin1,91mjz71l
849,Louis,Yolande,ylouis,q60tgg88
850,Brisebois,Benoit,bbrisebois,1hcle315
851,Parrot,Benjamin,bparrot,wghhiocg
852,Gamelin,Donat,dgamelin,cg5fw3c2
853,Marier,Inès,imarier,ha50e6hh
854,Parizeau,Vivienne,vparizeau,n4v5viq2
855,Louis,Onesime,olouis,6ukbad5f
856,Baril,Mathilde,mbaril,vqt3mh8h
857,Mazuret,Manon,mmazuret,72iho4d9
858,Chasse,Apolline,achasse1,cdwg702q
859,Aubin,Joseph,jaubin,4gncl9gb
860,Laderoute,Emmanuelle,eladeroute,pv5md4fx
861,Gamelin,Iréné,igamelin,d96m436i
862,Jodoin,Fifi,fjodoin,432rrj51
863,Sciverit,Géraud,gsciverit1,vsrdf9ck
864,Brousse,Dion,dbrousse,hw11kuyj
865,Cadieux,Patrice,pcadieux,iohi351u
866,Caouette,Renard,rcaouette,h02txqdn
867,Brian,Claude,cbrian,ltqzav2z
868,Desroches,Christiane,cdesroches3,cy4niex4
869,Gregoire,Lothaire,lgregoire,f4ptdqxj
870,Marcil,Angeline,amarcil,pj20i609
871,Proulx,Sylviane,sproulx,hd1814wv
872,Artois,Gérard,gartois,6b74yn2k
873,Charrette,Didier,dcharrette,v287mguv
874,Saindon,Florentin,fsaindon,wt4dkaht
875,Deblois,Jeanine,jdeblois,8u2pad8x
876,Beriault,Désiré,dberiault1,1jtc6c0i
877,Chastain,Théodore,tchastain,cbbl07zy
878,Clavet,Germain,gclavet,plo22bxh
879,Courtemanche,Cécile,ccourtemanche,1cylw1q3
880,Dupere,Sylviane,sdupere,y233moas
881,Pellerin,Juliane,jpellerin,q2qramze
882,Roussel,Eléonore,eroussel1,5b5gpfay
883,Baril,Christelle,cbaril,pujp03dk
884,Lessard,Alice,alessard1,uh84rud7
885,Guilmette,Dion,dguilmette1,ov7vnely
886,Cartier,Tristan,tcartier1,t4f7tic1
887,LaCaille,Muriel,mlacaille,4f8a82zz
888,Marchesseault,Sophie,smarchesseault,gtz10zc1
889,Duhamel,Alain,aduhamel,4f82o7xi
890,Clavette,Cyrille,cclavette1,9djdwl14
891,Berthiaume,Colette,cberthiaume,kc60lzc0
892,Huard,Jeanne,jhuard,eqvgf4zf
893,Therriault,Loup,ltherriault,vhdq4cw4
894,Jette,Marcel,mjette1,w66jwomk
895,Cartier,Perceval,pcartier,jf6oalmw
896,Bilodeau,Florette,fbilodeau2,r76xewbz
897,Bilodeau,Henriette,hbilodeau,0kwmujgq
898,Gamelin,Yvette,ygamelin,z1i27bap
899,Devoe,Laurentine,ldevoe,d7y8yjce
900,Vaillancour,Anatole,availlancour,90akadmk
901,Fugere,Anatole,afugere,7dhtjedx
902,Labelle,Inès,ilabelle,hsqx6nhd
903,Trepanier,Hippolyte,htrepanier,m79fhvd8
904,Goulet,Esmé,egoulet,m5jp0pvb
905,Parrot,Rose,rparrot,46rtrfh6
906,Boulanger,Xavier,xboulanger,i6ppc8ur
907,Lafreniere,Léandre,llafreniere1,wb7ulosd
908,Berard,Philibert,pberard,pmc07ejk
909,Saindon,Gaétan,gsaindon,fr913zak
910,Brochu,Odette,obrochu,hehl7ngr
911,Beausoleil,Myriam,mbeausoleil1,7zgjtm65
912,Voisine,Toussaint,tvoisine,d372xsbi
913,Pellerin,Aline,apellerin1,a3oy5lmg
914,Chaloux,Simone,schaloux1,gxkpr9fr
915,Beaulac,Yanick,ybeaulac,xug44hjk
916,Artois,émilie,éartois,magt9zmo
917,Tardif,Rochelle,rtardif1,06mf4jj2
918,LaCaille,Michel,mlacaille1,8897ojiw
919,Jardine,Claudine,cjardine1,h3uoo3to
920,Proulx,Rosette,rproulx,bcpdq8xo
921,Boisvert,Sylvie,sboisvert,ftpl7zhm
922,Sciverit,Gilberte,gsciverit2,n4ndlvb8
923,Chicoine,Florianne,fchicoine1,px0afhz5
924,Jobin,Joachim,jjobin,l68k9x77
925,Mailhot,Andrée,amailhot,4126r17c
926,Guilmette,Catherine,cguilmette,d2zk66dw
927,Givry,Simone,sgivry,0f46120e
928,Duhamel,Joachim,jduhamel2,qx6ow4wx
929,Chicoine,Bruno,bchicoine1,26yv074n
930,Mailloux,Hervé,hmailloux1,igpda8pa
931,Pellerin,Léonard,lpellerin,i78ky50m
932,Carignan,Clémence,ccarignan,8xiqa76k
933,Guilmette,Valère,vguilmette,58amf5pz
934,Chaloux,Ambroise,achaloux,v3ru790e
935,Lessard,Josèphe,jlessard,3o4qkhdi
936,Marseau,Raymond,rmarseau,ag1ue12e
937,Bonnet,Alexandre,abonnet,3e6gppka
938,Coudert,Avril,acoudert1,n4biuykw
939,Duperre,Loup,lduperre1,5w1mf6ma
940,Dufour,Ghislain,gdufour,g4lg049k
941,Grignon,Romain,rgrignon,9ble6kks
942,Beaudoin,émilie,ébeaudoin,bw7p70ca
943,Laforest,Fifi,flaforest,uv0ngqbm
944,Barrette,Sévérine,sbarrette,ujgr93rg
945,Desrosiers,Claude,cdesrosiers1,ql2x854h
946,Bourgeois,Fabienne,fbourgeois1,fh6hc4ue
947,Lagrange,Christophe,clagrange,qjlsw9gr
948,Bourgeois,Ambre,abourgeois1,6ksai6mr
949,LHiver,Albertine,alhiver,nyqlqo6n
950,Doucet,Georgine,gdoucet,bbynwjjr
951,Duplessis,Sylvaine,sduplessis,9pleyvt1
952,Clavet,Urbain,uclavet,yz61lt37
953,Bisaillon,Robert,rbisaillon2,oags8rx1
954,Cadieux,édouard,écadieux,f9swaq9u
955,Leclair,Hippolyte,hleclair,ysjf85tn
956,De,Sophie,sde,21ai8sg0
957,Sacre,Hélène,hsacre,6ftzfo1v
958,Baril,Firmin,fbaril,x4tq1kzt
959,Paimboeuf,Ghislain,gpaimboeuf,mube7dgq
960,Pichette,Luce,lpichette,zbl575r0
961,Sacre,Renée,rsacre,oybr21vq
962,Theriault,Achille,atheriault2,7zbt2h3u
963,Jette,Régis,rjette1,vkue0ve2
964,Jette,Philbert,pjette1,v8o7mqd2
965,LaCaille,Amélie,alacaille1,okzpk1i9
966,Reault,Felicienne,freault,z173qdfs
967,Gregoire,Loup,lgregoire1,kik4v021
968,Margand,Arianne,amargand,fa7oo3z0
969,Lessard,Hervé,hlessard,xv5owb4l
970,Barriere,Claude,cbarriere,ezale8ch
971,De,Jean,jde,a53dqhb6
972,Cartier,Ermenegilde,ecartier,pgbvl48w
973,Devost,Jeannine,jdevost,vchnxzzi
974,Dodier,Sabine,sdodier,qveumooe
975,Hebert,Clémence,chebert,gw9pbvzu
976,Picard,Nicole,npicard,5su4be14
977,Margand,Clementine,cmargand,j6aovwxp
978,Leblanc,Gérald,gleblanc,ntxst82e
979,Levesque,Patrice,plevesque1,0h94npxm
980,Bellemare,Danièle,dbellemare,lhx398nq
981,Deblois,Régis,rdeblois2,ppf88rdv
982,Drouin,Michèle,mdrouin,elscep1n
983,Labelle,Christelle,clabelle,reozrfcn
984,Marier,Marius,mmarier2,c7n0sful
985,Huard,Vivienne,vhuard,ch2pi442
986,Doiron,Martin,mdoiron3,kzxvcgkg
987,Guilmette,Justine,jguilmette,4o3lrrzm
988,Hebert,Gilberte,ghebert,r493t7py
989,Huard,Alexandre,ahuard,cvnbuofc
990,Sevier,Yannic,ysevier,8bqhc7dr
991,Mailhot,Alison,amailhot1,ftk01fcm
992,Jolicoeur,Rosemonde,rjolicoeur,yuj97ctq
993,Pellerin,Yolande,ypellerin,821ufn4y
994,Clavet,Roselle,rclavet2,zebv7kxc
995,Cartier,Marielle,mcartier1,iqo8o8fp
996,Jolicoeur,Alison,ajolicoeur,cgjtohr9
997,Sacre,Clementine,csacre1,fwfkp0iw
998,Charron,Dennis,dcharron,qfzfay8g
999,Arpin,Basile,barpin,ymy5tz3p
1000,Barjavel,Michel,mbarjavel,61c9vl9b
1001,Desforges,Henriette,hdesforges,nwhekpto
1002,Brian,Madeline,mbrian,0jpu59m2
1003,Tessier,Adam,atessier,2aaz9ubf
1004,Guilmette,Vivienne,vguilmette1,zkbjj08m
1005,Asselin,Isidore,iasselin,wpu8g1sn
1006,Pepin,Clementine,cpepin1,fkzv3gdo
1007,Drouin,Morgaine,mdrouin1,g2wqyv63
1008,Berger,Nathalie,nberger1,et21h07d
1009,Jodoin,Madeline,mjodoin4,64cktd2f
1010,Mainville,Honoré,hmainville,e85yk5jc
1011,Latourelle,Valéry,vlatourelle,h5mz2g7w
1012,Lagrange,Guy,glagrange2,ow8r2wny
1013,Drouin,Carine,cdrouin,qvsejz2p
1014,Trepanier,Boniface,btrepanier,nhbh2dcg
1015,Brisebois,Aurelien,abrisebois,zhqwgyx1
1016,Marchesseault,Benoite,bmarchesseault,jqc4kppb
1017,Mailly,Raphaël,rmailly,us69su9m
1018,Chesnay,Mathilde,mchesnay1,eb2e58tu
1019,Bizier,Laure,lbizier,96j1c07i
1020,Chesnay,Roch,rchesnay,fw0a93gb
1021,Jette,Marielle,mjette2,a1t4jc4i
1022,Pinneau,Luc,lpinneau1,ra85z8vf
1023,Goulet,Morgane,mgoulet1,7e5ky66g
1024,Bilodeau,Marcellette,mbilodeau,yd02v40j
1025,Lessard,Hermine,hlessard1,czido1hq
1026,Pichette,Felicien,fpichette,6oynu8pg
1027,Plourde,Maximilien,mplourde,a1qv1uhw
1028,Chesnay,Mélissa,mchesnay2,0ellavot
1029,Chaloux,Lucas,lchaloux1,7dj72wm5
1030,Belisle,Placide,pbelisle2,yibstfsh
1031,Laderoute,Fifi,fladeroute,w50jf3z9
1032,Duffet,Angelique,aduffet,f1wj0ram
1033,Barrette,Gigi,gbarrette1,7gkiq1fl
1034,Beauchesne,Flavie,fbeauchesne,rx7n1x3f
1035,Bondy,Alphonsine,abondy1,73r6txe9
1036,Marier,Telesphore,tmarier,oe1cmqoo
1037,Asselin,Léonne,lasselin,ofs64wlk
1038,Plourde,Odette,oplourde,syl992k0
1039,Carignan,Marcellette,mcarignan1,sng6pdpb
1040,Doiron,Clémence,cdoiron,1ju60dsc
1041,Sacre,Clementine,csacre2,3q55gjh4
1042,Brisebois,Loic,lbrisebois,w8ucllau
1043,Devoe,Marius,mdevoe1,4myqgstp
1044,Lacroix,Florentin,flacroix,n1mh3b1c
1045,Berthiaume,Odilon,oberthiaume,g188if2z
1046,Doucet,Pascal,pdoucet,gm4wxfom
1047,Bourgeau,Jean-baptiste,jbourgeau,a537p1qw
1048,Bouchard,Juste,jbouchard,y92yv5ak
1049,Desforges,Gilles,gdesforges2,bpaam6ta
1050,Bedard,Anselme,abedard1,8xox1i41
1051,Pepin,Gaspard,gpepin,hqy8cw8i
1052,Beauchesne,Arianne,abeauchesne1,pl327abv
1053,Chaloux,Maximilienne,mchaloux,0m2fe4dd
1054,Chaloux,Aude,achaloux1,16e5hyxn
1055,Goulet,Nicodème,ngoulet,1n77c2id
1056,Brochu,Berthe,bbrochu1,pgz3nk1b
1057,Proulx,Hector,hproulx,bpawq7yg
1058,Doucet,Gaspard,gdoucet1,qm23m57f
1059,Laforest,Reine,rlaforest,93s5f39t
1060,Boulanger,Anatole,aboulanger,2ycbcpad
1061,Bilodeau,Christianne,cbilodeau,d22e5rm0
1062,Chaussee,Chloé,cchaussee,eqipl9l2
1063,Guilmette,Béatrice,bguilmette1,tw0nm4ws
1064,Huard,Lunete,lhuard,82jvjqvg
1065,Brian,Juste,jbrian,2ic4hdj9
1066,Duplessis,Célestin,cduplessis1,x8adedbz
1067,Belair,Jules,jbelair,vsgee4ri
1068,Lagrange,Berthe,blagrange,sybthor8
1069,Parrot,Sylvain,sparrot,cl8qt0e0
1070,Fugere,Charlot,cfugere2,21t87rb3
1071,Langelier,Felicienne,flangelier,7umj3efa
1072,Bilodeau,Béatrice,bbilodeau,pgur6kde
1073,Belair,Pauline,pbelair,zgwdiliq
1074,Piedalue,Adrien,apiedalue1,mx9ofgql
1075,Lebrun,Isidore,ilebrun,ass1k5jf
1076,Frappier,Joelle,jfrappier,5rrhzys0
1077,Parrot,Paulette,pparrot1,vr2sk80p
1078,Lamothe,Adélaïde,alamothe,tew4ef8i
1079,Doucet,Arienne,adoucet1,o34ygyr7
1080,Jodoin,Clémence,cjodoin,7jfzq4lv
1081,Levesque,Apolline,alevesque,6w9hojxt
1082,Lemaitre,Hugues,hlemaitre,v2q7iqz5
1083,Charron,éliane,écharron,zdqiz4iw
1084,Lacroix,Orianne,olacroix,d3wizdxb
1085,Voisine,Léonard,lvoisine,kn2vyqot
1086,Carignan,Adrienne,acarignan,0xuug13l
1087,Plourde,Simone,splourde,zb4jomn6
1088,Bolduc,Alexis,abolduc,cegf3vok
1089,Mazuret,Gérard,gmazuret1,mv4e3jft
1090,Piedalue,Nicolas,npiedalue,a0mmpg03
1091,Lacroix,Armel,alacroix,szhjh9pr
1092,Parrot,Lucie,lparrot1,dwtykeyy
1093,Dufresne,Sybille,sdufresne,kczw600d
1094,Lesperance,Clothilde,clesperance,1488wqc9
1095,Jodoin,Corinne,cjodoin1,yf8d444i
1096,Devoe,Hilaire,hdevoe,pawo6jtf
1097,Brisette,Frédéric,fbrisette,0jsb64no
1098,LHiver,Paulette,plhiver,r189hmrb
1099,Charrette,Lucien,lcharrette1,pm4pu71o
1100,Barriere,Elisabeth,ebarriere1,1kigj1hf
1101,Beaulac,Victor,vbeaulac1,trm18hsz
1102,Jolicoeur,Victorine,vjolicoeur,s5k205gi
1103,Courtemanche,Ghislaine,gcourtemanche1,l60dpqw4
1104,Devost,Odilon,odevost,u9tjnxxy
1105,Devoe,Yanick,ydevoe,fgx4icv9
1106,Louis,Telesphore,tlouis1,cymdrsy7
1107,Mailhot,Dominique,dmailhot,n5ocitny
1108,Parrot,Ouida,oparrot,4hli6nda
1109,Mouet,Théodore,tmouet,wjj53iuy
1110,Beauchesne,Ferdinand,fbeauchesne1,k7ezio6e
1111,Goulet,Violette,vgoulet,no3yg6dq
1112,Bilodeau,Adeline,abilodeau2,4ly2xr96
1113,Brochu,Roch,rbrochu,avlrkk53
1114,Martel,Dieudonnée,dmartel,5c6iok9f
1115,Lagueux,Pascal,plagueux,xw4cgq94
1116,Savard,Gervais,gsavard1,ose1zstc
1117,Champagne,Dorothée,dchampagne,r5ydmkcn
1118,Bisaillon,Martin,mbisaillon2,9ad4saj2
1119,Querry,Hector,hquerry1,exnabp7o
1120,Aubin,Modeste,maubin,sjm16sl3
1121,Bondy,Françoise,fbondy1,fhnqulf4
1122,Bondy,Jourdain,jbondy,yfyc759b
1123,Duhamel,éloise,éduhamel,shrmwpd9
1124,Hebert,éliane,éhebert,wmmvfl89
1125,Brochu,Ozanne,obrochu1,pl2n5byp
1126,Bourgeois,Josette,jbourgeois,djf79olw
1127,Pelland,Papillion,ppelland,my1qdxgr
1128,Deblois,Boniface,bdeblois,b8bxthp6
1129,Picard,Emmanuelle,epicard,mfjyp35f
1130,Givry,Florian,fgivry,7qj1auf1
1131,Laforest,Gustave,glaforest,kqgktu6o
1132,Ayot,Dorothée,dayot,japufr8p
1133,Asselin,Evrard,easselin,ortb7z4p
1134,Therriault,Sabine,stherriault1,7j5015nu
1135,Desforges,Albertine,adesforges,p210kv6j
1136,Gaudreau,Esmé,egaudreau,bqrj08hz
1137,Therriault,Pierre,ptherriault,gw14alal
1138,Frappier,élodie,éfrappier,92qvahav
1139,Asselin,Ariane,aasselin5,274x5n2w
1140,Brisette,Nicolette,nbrisette,2moyeedq
1141,Voisine,Marthe,mvoisine1,bjhg4efm
1142,Dumont,Amélie,adumont,0a2t6xz5
1143,Fugere,Noel,nfugere1,0i3j1fqh
1144,Brian,Jacinthe,jbrian1,fsysqh7b
1145,Huard,Ermenegilde,ehuard,85sn98mn
1146,Givry,Isidore,igivry,bk2tbmc1
1147,Doucet,Sylvianne,sdoucet,jgftzzus
1148,Dandonneau,Louise,ldandonneau,q9wnkcsp
1149,Turgeon,Caroline,cturgeon,eq492tpi
1150,Latourelle,Florence,flatourelle1,6w57woov
1151,Brochu,Elisabeth,ebrochu,0gzi7cpb
1152,Guilmette,Jules,jguilmette1,4uld8m39
1153,Asselin,Sylvestre,sasselin2,czihi782
1154,Desrosiers,Loup,ldesrosiers,p5nuz07f
1155,Marier,Rochelle,rmarier,nziylann
1156,Chesnay,Maximilienne,mchesnay3,lyp8wm7r
1157,Guilmette,Bernardine,bguilmette2,38dmpxel
1158,Jodoin,Lucas,ljodoin,wsw479pz
1159,Barjavel,Rémy,rbarjavel,a7kwcnor
1160,Chouinard,Héloïse,hchouinard,5am88g9j
1161,Lebrun,Yann,ylebrun,21dl2982
1162,Dionne,Dominique,ddionne,ixmqoa3u
1163,Mouet,Noémie,nmouet,zy85unm9
1164,Martel,Esmée,emartel,xbz8jx7r
1165,Lacroix,Bertrand,blacroix,eurf2tgw
1166,Reault,Pascale,preault1,3nvqq683
1167,Margand,Marianne,mmargand,7e46srox
1168,Chaloux,Timothée,tchaloux,7e8fnafe
1169,Fugere,Angelique,afugere1,f48mcoq7
1170,Devost,Ninette,ndevost1,cm95a28j
1171,Cartier,Martine,mcartier2,lwsnpk63
1172,Clavette,Nina,nclavette,m5i8vfix
1173,Givry,Pauline,pgivry1,3gcy8lrj
1174,Aubin,Gaston,gaubin,acqm1td3
1175,Latourelle,Constant,clatourelle,c1n3a5ow
1176,Asselin,Augustin,aasselin6,zz41sdnu
1177,Rousseau,Simone,srousseau2,58637qma
1178,Parenteau,Blaise,bparenteau,714yalqj
1179,Voisine,Muriel,mvoisine2,r9otamdf
1180,Duperre,Anatole,aduperre,yqqv36tu
1181,Theriault,Jeannot,jtheriault,rl1c1he7
1182,Langlais,Absolon,alanglais2,alwxfd9n
1183,Guilmette,Lucas,lguilmette1,7uld1prl
1184,Charron,Gisèle,gcharron,h7u0uk4f
1185,Marier,Loup,lmarier1,ucw3koy7
1186,Chastain,Gwenaelle,gchastain,bnai43oq
1187,Guimond,Axelle,aguimond2,m8ef7olq
1188,Brochu,Odile,obrochu2,252s7whb
1189,Tessier,Anaïs,atessier1,wmu8oj92
1190,Theriault,Thomas,ttheriault,0mcg32y3
1191,Sevier,Christophe,csevier,wamw2hsx
1192,Charron,Aline,acharron2,vofid22g
1193,Guilmette,Clémence,cguilmette1,nrmh6day
1194,Fugere,Timothée,tfugere,wkcciahh
1195,Chaloux,Fernande,fchaloux,p8k1m1tx
1196,Beaudoin,Félix,fbeaudoin,vkfvlxjc
1197,Chaloux,Myriam,mchaloux1,m74660vz
1198,Trepanier,Adeline,atrepanier2,njfmj0as
1199,Bolduc,Elisabeth,ebolduc,wmt0qqru
1200,Sevier,Patrick,psevier,0zvvan6d
1201,Brousse,Noelle,nbrousse,h20kmn23
1202,Dionne,Victoire,vdionne,hmry58db
1203,Chasse,Jacinthe,jchasse,35igncb5
1204,Chasse,Jérémie,jchasse1,emotszjv
1205,Babin,Fernand,fbabin,8h5n110d
1206,Frappier,Nina,nfrappier2,s2d3xwt0
1207,Levesque,Lucrece,llevesque,kytiq0uj
1208,Courtemanche,Désirée,dcourtemanche,vs6dsz8l
1209,Lemaitre,Sacha,slemaitre,8062uw46
1210,Ayot,Esmée,eayot,ztkr8toi
1211,LaCaille,Emmanuelle,elacaille,s06tnjvw
1212,Proulx,Gabriel,gproulx,ufcyl2mi
1213,Brisette,Esmée,ebrisette,mfe8rcql
1214,Tessier,Tatienne,ttessier,gcktttd2
1215,Parrot,Rémi,rparrot1,a4dgoo25
1216,Bisson,Théo,tbisson,2fu8d0jc
1217,Miron,Florence,fmiron,1jvqn311
1218,Leclair,Thierry,tleclair,okbaio3y
1219,Barriere,Matthieu,mbarriere,yap4mi2j
1220,Saindon,Gigi,gsaindon1,kfb6sm8j
1221,Vaillancour,Salomé,svaillancour,kb1b6w0a
1222,Rochon,Sabine,srochon,dwq480cb
1223,Beauchesne,Hercule,hbeauchesne,r0o9ann1
1224,Sciverit,Arlette,asciverit1,yhyzhkwn
1225,Theriault,Raphaël,rtheriault,zbsn1i8b
1226,Theriault,Rémy,rtheriault1,k1j86011
1227,Louis,Guillaume,glouis,yrrnt1jy
1228,Paquin,Jeannot,jpaquin,c4iwhjeu
1229,Desrosiers,Reynaud,rdesrosiers,c56gg2fm
1230,Frappier,Océane,ofrappier,mw5z4b3i
1231,Sacre,édouard,ésacre,en5hd5c6
1232,Chicoine,Laurette,lchicoine,8jj0ki6z
1233,Miron,Muriel,mmiron1,bs126ern
1234,Allard,Philibert,pallard,narf9550
1235,Pelland,Armel,apelland,53hzd3tw
1236,Allard,Angèle,aallard,fzhpzhfl
1237,Aubin,Jeannot,jaubin1,zegkkyll
